,biomass_MW,coal_MW,gas_MW,geothermal_MW,hydro_MW,oil_MW,other_MW,other_renewable_MW,solar_MW,waste_MW,wind_MW
2026-09-26 06:00:00+00:00,4391.912465,12261.9650275,5162.980565,19.00702,244.459575,298.454335,211.0273,72.451,11722.99825,754.1070500000001,6637.7401899999995
2026-09-26 07:00:00+00:00,4264.668540000001,10488.91071,3843.580335,19.00702,125.32605000000001,298.6693325,191.5093,72.451,25557.103,757.90125,5048.1096
2026-09-26 08:00:00+00:00,4102.14109,8212.3154675,3223.0584750000003,19.00702,156.71255,298.6793325,162.83805,72.451,36451.06075,801.8153,2744.695345
2026-09-26 09:00:00+00:00,3967.374265,5889.427635,2316.0844075,19.00702,322.98935,299.041,158.56805,72.451,43222.54975,773.699325,1844.9623150000002
2026-09-26 10:00:00+00:00,3853.286465,5426.3864175,2187.9228625,19.00702,272.173025,298.6035025,158.5503,72.451,46584.84125,777.140525,1510.4524225
2026-09-26 11:00:00+00:00,3815.24619,5350.81146,2223.465995,19.00702,168.2737,298.4243325,158.55455,72.451,45975.33,780.4083,1272.06006
2026-09-26 12:00:00+00:00,3816.55959,5338.430385,2082.957895,19.00702,176.96370000000002,298.5243325,158.51255,72.451,42328.005,762.3998,1392.4798425000001
2026-09-26 13:00:00+00:00,3865.27289,6101.9553025,2166.36645,19.00702,136.11282500000002,298.39099999999996,161.28455,72.451,35397.06475,778.0584,1122.5896225000001
2026-09-26 14:00:00+00:00,4012.69799,9702.243330000001,2876.803405,19.00702,533.7079249999999,298.7226675,195.0273,72.451,25446.8005,786.4634,922.0557275
2026-09-26 15:00:00+00:00,4254.04774,12466.975335,5542.4427625,19.00702,1778.5156499999998,298.756,201.57479999999998,72.451,12773.022,813.86095,901.060595
2026-09-26 16:00:00+00:00,4448.754615,13326.361475,8028.2748425,19.00702,4416.083575,298.70861249999996,211.68355,72.451,2738.679,823.3643999999999,1161.723885
2026-09-26 17:00:00+00:00,4488.949365,13439.3024325,8358.13171,19.00702,6110.59825,298.421,213.1993,72.451,21.83825,616.5756,1668.6773475
2026-09-26 18:00:00+00:00,4422.484465,13472.269264999999,8434.738057499999,19.00702,5916.3881,298.537665,213.12105,72.451,0.28825,823.02435,2637.1650600000003
2026-09-26 19:00:00+00:00,4306.27714,13487.927202500001,8256.92373,19.00702,4223.922425,298.4910025,212.30605,72.451,0.1975,822.926775,3763.600635
2026-09-26 20:00:00+00:00,4149.818415,13469.712814999999,8118.26246,19.00702,2977.6059999999998,298.5559975,201.75655,72.451,0.14775,823.0709999999999,4677.514555
2026-09-26 21:00:00+00:00,4022.09724,13243.944615,7966.7468575,19.00702,1345.564925,298.6734975,198.66305,72.451,0.13375,817.867525,5583.3946475
2026-09-26 22:00:00+00:00,3919.4599900000003,13006.0834075,6664.51784,19.00702,338.03952499999997,295.38683249999997,198.0278,71.451,0.1065,785.819075,6266.9384900000005
2026-09-26 23:00:00+00:00,3882.817265,12394.042035,6120.4434575,19.00702,118.473125,295.3083325,197.97155,71.451,0.077,788.058525,7270.51385
2026-09-27 00:00:00+00:00,3856.67389,12029.9538325,5212.4816375,19.00702,65.057825,295.3066675,197.9443,71.451,0.05925,785.44535,8582.39187
2026-09-27 01:00:00+00:00,3833.911215,11768.0876925,3853.47731,19.00702,52.016999999999996,295.27499750000004,196.9758,71.451,0.0635,776.558225,10051.97545
2026-09-27 02:00:00+00:00,3849.681215,11453.807945,2970.2977425,19.00702,38.126025,295.2083325,186.8328,71.451,0.0645,781.54045,12102.700225
2026-09-27 03:00:00+00:00,3933.024715,11396.623075,3071.12165,19.00702,26.5177,297.13839,186.7753,71.451,0.04825,776.20685,14499.623469999999
2026-09-27 04:00:00+00:00,4131.615040000001,11383.710267499999,3007.733225,19.00702,28.4753,384.1580825,186.7398,71.451,0.2935,777.41625,17271.536475
2026-09-27 05:00:00+00:00,4319.0397649999995,10860.17814,3217.4797175,19.00702,32.482974999999996,415.6657825,179.59105,71.451,1394.05275,775.781375,19458.9276175
2026-09-27 06:00:00+00:00,4347.51919,9117.34487,2838.461165,19.00702,114.600075,416.00575000000003,158.7363,71.451,10623.1925,773.6946499999999,18150.3442575
2026-09-27 07:00:00+00:00,4237.1469400000005,6196.73632,2122.541595,19.00702,116.763125,302.5124725,158.6653,71.451,24991.581,770.705175,16234.3418775
2026-09-27 08:00:00+00:00,4068.65839,4723.0554325,1747.2060575,19.00702,142.5626,295.4941675,158.67755,71.451,37388.36075,774.104825,13270.2731925
2026-09-27 09:00:00+00:00,3942.25064,4526.8204975,1584.21171,19.00702,144.8592,295.879165,158.7163,71.451,42812.372749999995,768.607525,9812.144495
2026-09-27 10:00:00+00:00,3829.87329,4531.444115,1601.5545725,19.00702,261.692675,295.736665,158.72355,71.451,44535.11475,771.673825,7895.0100425
2026-09-27 11:00:00+00:00,3782.962315,4856.309085,1650.107825,19.00702,237.0812,295.4066675,158.7653,71.451,44033.4265,770.639125,7320.1077225
2026-09-27 12:00:00+00:00,3790.4082399999998,4936.6826249999995,1838.3836825,19.00702,266.9243,295.27833250000003,158.7553,71.451,41093.9125,771.0980999999999,8364.0619475
2026-09-27 13:00:00+00:00,3825.917265,4926.921237500001,1915.3560075,19.00702,187.1426,296.08,158.7163,71.451,36558.549499999994,774.585275,12658.802315
2026-09-27 14:00:00+00:00,3975.29324,5668.7105200000005,2134.0759924999998,19.00702,191.274925,296.258335,158.71205,71.451,27129.177,776.710725,17131.8729625
2026-09-27 15:00:00+00:00,4223.29654,7929.8805,3071.817645,19.00702,432.40842499999997,320.82465249999996,158.7018,71.451,13846.548,776.7931,19413.01008
2026-09-27 16:00:00+00:00,4433.572965,10624.784505,4474.2951475,19.00702,734.4446250000001,400.663115,158.73205,71.451,2582.38775,817.04555,21714.1490175
2026-09-27 17:00:00+00:00,4458.51264,10716.65636,5320.27018,19.00702,1544.48725,403.9542175,158.6778,71.451,17.1825,809.36415,25358.053245
2026-09-27 18:00:00+00:00,4400.991565,11259.2082525,5710.07997,19.00702,2310.40595,407.57199249999996,158.73755,71.451,0.27,805.2274,26205.1720275
2026-09-27 19:00:00+00:00,4294.3128400000005,11336.6484075,5605.602295000001,19.00702,947.1440749999999,391.7388325,158.72155,71.451,0.18425,807.156425,25465.8556925
2026-09-27 20:00:00+00:00,4151.482715,11326.359945,5403.6670025,19.00702,781.196725,412.291175,158.69755,71.451,0.14225,813.621975,23312.04825
2026-09-27 21:00:00+00:00,4035.59199,11232.9616275,5415.618305,19.00702,167.6283,413.35080500000004,158.7873,71.451,0.121,830.59575,21316.177337499998
2026-09-27 22:00:00+00:00,3888.580315,11138.935775,5210.2905,19.00702,117.514475,383.8733575,158.8023,71.451,0.09625,839.2634,19662.1645775
2026-09-27 23:00:00+00:00,3839.07599,11210.395715,4991.25729,19.00702,49.76395,383.3266175,158.75905,71.451,0.07625,837.2311500000001,16978.3284775
2026-09-28 00:00:00+00:00,3817.153265,11282.3305775,4975.0379175,19.00702,71.4894,296.6629825,158.8198,71.451,0.062,838.064975,15478.54097
2026-09-28 01:00:00+00:00,3830.953265,11615.48191,4745.8718850000005,19.00702,57.8331,294.5676625,158.7938,71.451,0.05775,838.8894,14154.177174999999
2026-09-28 02:00:00+00:00,3855.36309,12031.0207425,5060.2069525,19.00702,125.62480000000001,294.4706675,159.6338,71.451,0.0535,837.001575,13061.230625
2026-09-28 03:00:00+00:00,3920.46544,13231.87722,6191.7551025,19.00702,203.7116,294.534,182.7758,71.451,0.06,818.483775,12131.4095525
2026-09-28 04:00:00+00:00,4054.59674,14030.5849875,7820.129355,19.00702,2264.1469,294.805665,206.56779999999998,71.451,0.50875,812.189175,11653.00334
2026-09-28 05:00:00+00:00,4123.883465,13926.0565325,8050.54244,19.00702,4911.57205,294.504,187.0523,71.451,1353.3895,807.9273,11197.46979
2026-09-28 06:00:00+00:00,4128.87234,13289.027665,8132.9931424999995,19.00702,4401.731725000001,379.652125,185.5173,71.451,9581.6265,810.417925,9551.3086
2026-09-28 07:00:00+00:00,4029.460465,12649.0098725,7953.9854525,19.00702,1950.730225,384.3206825,162.8943,69.953,21994.47775,788.160975,6797.86972
2026-09-28 08:00:00+00:00,3875.401865,12253.15018,6794.9146,19.00702,96.76192499999999,384.2331175,159.4948,67.76374999999999,32795.147,584.953375,3663.0830874999997
2026-09-28 09:00:00+00:00,3751.2994900000003,11879.4525575,5390.4604475,19.00702,55.325199999999995,406.6665675,159.50555,71.451,40003.9545,784.71135,2958.36632
2026-09-28 10:00:00+00:00,3662.980815,11729.0478375,5039.5484875,19.00702,16.70965,296.603885,160.29205,71.451,42975.339,790.091925,2667.7850925000002
2026-09-28 11:00:00+00:00,3650.21774,11994.829282499999,5215.342315,19.00702,19.96765,294.56733499999996,159.26479999999998,71.451,42371.242249999996,800.495475,2408.7893025000003
2026-09-28 12:00:00+00:00,3636.788265,11793.39386,5252.358955,19.00702,157.30355,295.019,159.4333,71.451,38132.50325,800.320175,1981.0809525
2026-09-28 13:00:00+00:00,3685.378815,12095.30808,5493.8819325,19.00702,138.669125,294.852335,159.79455,71.451,30628.40275,800.8643,2044.5784775
2026-09-28 14:00:00+00:00,3806.36124,13545.9297025,6757.945175,19.00702,769.25655,295.00566749999996,184.48104999999998,71.451,21354.571500000002,805.4570249999999,2241.342315
2026-09-28 15:00:00+00:00,4015.0912399999997,14821.29361,8069.3700025,19.00702,4276.0801,295.297335,209.81005,71.451,9746.374,839.9772,2476.2123375
2026-09-28 16:00:00+00:00,4217.574265,15293.143105,8930.82659,19.00702,6130.40435,297.6443775,211.8683,71.451,1644.05025,846.0488,3139.4526725
2026-09-28 17:00:00+00:00,4277.27074,15446.37075,9259.36782,19.00702,6291.732075,446.58844999999997,211.9223,71.451,7.1785,856.5469,4169.8528175
2026-09-28 18:00:00+00:00,4217.142165,15476.76869,8791.320702500001,19.00702,5837.12205,450.095825,211.86855,71.451,0.24050000000000002,851.349375,6386.243225
2026-09-28 19:00:00+00:00,4109.875765,15283.8310325,8354.03497,19.00702,3492.420225,298.54044999999996,211.9528,71.451,0.16325,851.613975,8462.28471
2026-09-28 20:00:00+00:00,3976.88714,15113.482025000001,8007.4508475,19.00702,1287.83695,294.8040025,211.8023,71.451,0.134,855.100625,9427.3387475
2026-09-28 21:00:00+00:00,3875.831515,14576.0166375,7643.4874425,19.00702,278.311075,294.53755,197.8448,71.451,0.114,856.330675,9798.790112499999
2026-09-28 22:00:00+00:00,3788.04829,14085.4565075,7906.6807975,19.00702,107.92002500000001,294.57066499999996,196.2758,71.451,0.07225,852.864825,9859.977695
2026-09-28 23:00:00+00:00,3745.66289,13932.0561,7211.22464,19.00702,61.284575000000004,294.540665,181.3393,71.451,0.0635,854.25205,10418.31496
2026-09-29 00:00:00+00:00,3711.026215,13659.717807500001,6951.4114075,19.00702,26.818025,294.469,174.7008,71.451,0.0625,857.5476249999999,10699.0260675
2026-09-29 01:00:00+00:00,3703.90644,13539.762597500001,6894.7956575,19.00702,27.162325,294.57066499999996,172.47005,71.451,0.06225,859.275825,10716.03424
2026-09-29 02:00:00+00:00,3726.133215,13769.2030675,6923.81506,19.00702,17.379250000000003,294.57399999999996,171.38755,71.451,0.052,855.64665,11200.353605
2026-09-29 03:00:00+00:00,3806.0314900000003,14047.05124,7386.89343,19.00702,31.635375,294.64233,200.11655000000002,71.451,0.051500000000000004,835.2818500000001,11404.40225
2026-09-29 04:00:00+00:00,3998.36789,14376.673312500001,8036.4023799999995,19.00702,2169.782575,294.767335,207.8333,71.451,0.75075,827.97995,12369.53049
2026-09-29 05:00:00+00:00,4105.85874,14372.97051,8323.4274625,19.00702,3630.060575,294.4723325,207.20405,71.451,1171.9765,828.282075,13959.942794999999
2026-09-29 06:00:00+00:00,4095.064265,14442.640384999999,8134.348870000001,19.00702,1478.946425,294.9665,185.1913,71.451,9441.369,824.353775,15118.8076
2026-09-29 07:00:00+00:00,4009.833065,12929.587095,6066.737875000001,19.00702,68.68507500000001,294.6723325,177.2958,71.451,22458.8365,818.7919999999999,14148.691385
2026-09-29 08:00:00+00:00,3854.521865,11188.57741,3464.4160125,19.00702,32.82407500000001,294.82483,158.2243,71.451,32954.43675,820.7703750000001,11544.0282925
2026-09-29 09:00:00+00:00,3730.305415,10108.192117499999,2836.8057975,19.00702,15.50485,294.6723325,158.21805,71.451,40289.067500000005,781.0441000000001,10623.441167500001
2026-09-29 10:00:00+00:00,3639.4876400000003,9152.2880675,2609.7795750000005,19.00702,82.49275,294.502335,158.2913,71.451,42561.8575,781.5563,11659.9153725
2026-09-29 11:00:00+00:00,3611.23754,9414.518125,2500.4311425,19.00702,99.608125,294.5723325,158.39555,71.451,40658.7435,785.9946500000001,12128.6293
2026-09-29 12:00:00+00:00,3622.894765,10143.11131,2705.0030049999996,19.00702,100.6353,294.5673325,158.23579999999998,71.451,36127.403000000006,786.9284,12595.78974
2026-09-29 13:00:00+00:00,3674.70169,10987.054114999999,3078.9598374999996,19.00702,106.222375,294.80899999999997,157.7363,71.451,30125.4615,785.810925,14196.49886
2026-09-29 14:00:00+00:00,3817.94694,12894.989277499999,4502.1495374999995,19.00702,309.82355,294.6706675,158.60255,71.451,20989.43875,784.7031,15554.6165525
2026-09-29 15:00:00+00:00,4082.20169,14126.8595375,5794.5224975,19.00702,2460.0031750000003,294.904,158.59305,71.451,9650.553,824.141725,17388.3289675
2026-09-29 16:00:00+00:00,4276.26604,14471.9363775,6293.4047825,19.00702,4605.381125,294.537335,159.43955,71.451,1670.222,835.1179,19808.824365
2026-09-29 17:00:00+00:00,4320.47594,13847.5941375,6585.991545000001,19.00702,2893.49505,294.4373325,182.64555000000001,71.451,8.2145,844.0686,24976.300535
2026-09-29 18:00:00+00:00,4233.682115,12730.548157500001,6026.7829525,19.00702,1249.79145,294.685665,160.50705,71.451,0.23725000000000002,846.887175,29435.9831325
2026-09-29 19:00:00+00:00,4133.22114,12526.039317499999,5438.8349125,19.00702,191.46895,294.5723325,158.51055,71.451,0.166,844.102575,30776.639577500002
2026-09-29 20:00:00+00:00,3982.673065,12269.897047499999,4799.4104675,19.00702,83.29675,294.672335,157.75005000000002,71.451,0.13525,807.5398250000001,30373.7009275
2026-09-29 21:00:00+00:00,3862.16104,12491.9242525,4175.66074,19.00702,98.396125,294.539,157.43755000000002,71.451,0.10625,808.457125,29816.324565
2026-09-29 22:00:00+00:00,3775.754165,12749.9393625,4135.0211524999995,19.00702,214.55105,296.192415,157.4113,71.451,0.0895,811.9726499999999,28480.20102
2026-09-29 23:00:00+00:00,3720.93874,12794.5291025,4230.1683175,19.00702,185.90077499999998,296.04499999999996,157.4513,71.451,0.08274999999999999,815.0681500000001,26622.17634
2026-09-30 00:00:00+00:00,3683.817915,12656.843252499999,4125.9791075,19.00702,169.4726,296.0133325,157.4553,71.451,0.06875,815.274325,25998.472255
2026-09-30 01:00:00+00:00,3664.1312900000003,12419.57151,4083.2815275000003,19.00702,163.931125,295.945,158.49805,71.451,0.068,812.39975,25586.88259
2026-09-30 02:00:00+00:00,3683.36794,12333.8222475,4267.355582499999,19.00702,164.365425,296.0433325,160.32004999999998,71.451,0.058,811.4152,24705.6029625
2026-09-30 03:00:00+00:00,3752.5327150000003,12496.0931,4432.24229,19.00702,188.206375,296.113335,170.66355,71.451,0.05225,817.143925,24509.954517500002
2026-09-30 04:00:00+00:00,3935.50319,12967.8695175,4792.590855,19.00702,1971.6047250000001,296.3799975,185.4328,58.71825,0.49424999999999997,812.886925,24588.43842
2026-09-30 05:00:00+00:00,4068.865165,12862.21974,4992.3038424999995,19.00702,3428.4776500000003,296.0133325,178.5633,50.71,1074.9855,800.34625,24080.6921675
2026-09-30 06:00:00+00:00,4101.94449,12289.3046175,5381.4601525,19.00702,3090.942275,296.22416499999997,162.24155,50.71,8523.89525,800.795825,23233.859129999997
2026-09-30 07:00:00+00:00,4016.84294,12040.6869325,4530.5407325,19.00702,1059.378925,296.23,159.0328,50.71,20702.919,824.240325,20490.791624999998
2026-09-30 08:00:00+00:00,3855.54484,10714.58072,3518.64638,19.00702,259.89007499999997,296.4908325,157.84405,50.71,32066.228000000003,792.309825,16256.9765775
2026-09-30 09:00:00+00:00,3732.62809,9821.0119975,3034.4292025,19.00702,92.999125,296.0116675,157.52955,50.71,40925.204,795.0547750000001,12859.492235
2026-09-30 10:00:00+00:00,3642.155565,8207.897295,2849.921085,19.00702,13.71745,296.2616675,157.52530000000002,50.71,45397.46725,784.241,13633.463965
2026-09-30 11:00:00+00:00,3615.91749,8171.17549,2814.3742275,19.00702,30.479875,296.07833500000004,157.5578,50.71,45428.39725,793.04405,12904.973475
2026-09-30 12:00:00+00:00,3608.261515,7966.913635,2724.8108700000003,19.00702,77.4813,393.77314,157.57855,50.71,41919.44725,796.08715,13380.3116725
2026-09-30 13:00:00+00:00,3657.07974,8772.9239875,2909.15488,19.00702,234.207525,726.1791075,157.5358,50.71,34848.51475,798.0827999999999,14913.2668325
2026-09-30 14:00:00+00:00,3811.33179,12083.365455000001,3908.0223925,19.00702,189.53435,727.269315,159.4633,50.71,23730.88575,795.85655,15554.63067
2026-09-30 15:00:00+00:00,4103.550015,14584.835355000001,5976.9691425,19.00702,2849.9797750000002,728.5913575,174.65555,50.71,10730.311,797.7603,14834.38847
2026-09-30 16:00:00+00:00,4347.47434,15089.3288625,6998.8462825,19.00702,5578.0896,727.4135650000001,197.61705,50.71,1576.836,845.3225,15619.2873175
2026-09-30 17:00:00+00:00,4412.90754,15520.90008,7210.4102725,19.00702,5528.689625,575.7095575,213.86180000000002,50.71,2.5985,847.61825,19028.355115
2026-09-30 18:00:00+00:00,4352.533740000001,15219.2981425,7117.8692224999995,19.00702,3427.6795,296.293335,212.44605,50.71,0.23375,849.247325,21431.2322725
2026-09-30 19:00:00+00:00,4240.31659,14695.1019825,6702.298155,19.00702,1037.0596249999999,296.3808325,186.1318,50.71,0.17149999999999999,851.3893,22015.1010125
2026-09-30 20:00:00+00:00,4125.629715,14248.9980875,6197.5535475,19.00702,353.4845,296.59916499999997,163.22055,50.71,0.1385,851.9465,19946.24791
2026-09-30 21:00:00+00:00,4005.31119,13901.9488375,5939.4793575,19.00702,398.58252500000003,296.445835,157.81155,50.71,0.1155,845.0561250000001,17849.3315975
2026-09-30 22:00:00+00:00,3908.22883,14276.1487275,5749.1291025,19.0,187.31815,116.3820825,178.2403,50.71,0.12425,802.536975,17730.1336275
2026-09-30 23:00:00+00:00,3876.98758,14375.828819999999,5300.55688,19.0,16.515725,115.819665,157.77355,50.71,0.11125,803.1034500000001,17582.6745075
2026-10-01 00:00:00+00:00,3846.196105,14553.441625,5054.0715150000005,19.0,47.734500000000004,115.8163325,154.2088,50.71,0.098,804.0579,16704.1016075
2026-10-01 01:00:00+00:00,3850.778605,14729.66051,4752.4885699999995,19.0,67.21532499999999,115.683,154.1648,50.71,0.097,805.8977,15979.7926725
2026-10-01 02:00:00+00:00,3868.34888,14766.11221,4921.948815,19.0,39.123475,115.71633250000001,154.2913,50.71,0.10025,807.881425,15793.663485000001
2026-10-01 03:00:00+00:00,3933.982305,14987.0198875,5914.251845,19.0,26.681325,115.953,175.09505000000001,50.71,0.0995,769.30975,16072.864959999999
2026-10-01 04:00:00+00:00,4115.62708,15265.0495625,7541.167615,19.0,640.9981,115.9163325,160.6843,50.71,0.11725,831.9793500000001,16737.985345
2026-10-01 05:00:00+00:00,4269.792055,14912.00609,8237.4741175,19.0,2470.8206,115.749665,173.0128,50.71,913.6479999999999,835.636825,17042.097745
2026-10-01 06:00:00+00:00,4306.122855,14124.4911125,8380.86848,19.0,1387.2256,115.9163325,153.9453,50.71,6438.27075,835.8433749999999,15961.6646225
2026-10-01 07:00:00+00:00,4262.745355,13943.3917375,7795.5841475,19.0,195.627125,198.272175,173.95955,50.71,14271.88125,830.772325,13022.0251375
2026-10-01 08:00:00+00:00,4113.58688,12547.926945,6950.1948625,19.0,227.77755,231.1342325,147.59705,50.71,21031.7585,835.2517,10688.8231375
2026-10-01 09:00:00+00:00,4020.520405,12478.566615,6027.347577500001,19.0,110.1662,231.5058475,133.23855,53.30275,25202.181,798.912875,8525.6285525
2026-10-01 10:00:00+00:00,3911.593205,12180.778145,5941.0631175,19.0,14.310725,230.68811,132.4883,50.71,27078.759000000002,799.748925,8100.943649999999
2026-10-01 11:00:00+00:00,3864.117705,11898.4395725,5835.02446,19.0,28.879225,230.27446,132.42455,50.71,25395.96925,799.6496999999999,7283.9111925
2026-10-01 12:00:00+00:00,3861.416405,12271.519825,6095.97029,19.0,109.223625,229.46438,132.4873,50.71,21515.22125,795.5053,7273.599835
2026-10-01 13:00:00+00:00,3894.8863300000003,12217.69767,6521.7822125,19.0,113.48207500000001,116.9064175,132.42455,50.71,16428.22225,795.2889749999999,7910.259465
2026-10-01 14:00:00+00:00,4039.659605,13519.598849999998,7794.67411,19.0,1146.3222500000002,115.8796675,135.1693,50.71,10030.47125,798.546425,8593.89513
2026-10-01 15:00:00+00:00,4313.20913,15273.154064999999,8219.10522,19.0,2342.1859,115.849665,141.8843,50.71,4236.148999999999,841.695475,9966.680285
2026-10-01 16:00:00+00:00,4455.676055,15622.8918,8423.102535,19.0,4320.61505,115.951335,145.4563,50.71,680.94325,847.950175,10485.375755000001
2026-10-01 17:00:00+00:00,4496.03943,15658.41083,8589.316485,19.0,6060.047925,115.81966750000001,153.21405,50.71,4.798500000000001,846.7501,10581.929542499998
2026-10-01 18:00:00+00:00,4440.486805,15629.165677500001,9021.9264,19.0,4074.4777000000004,116.0513325,153.7793,50.71,0.13375,848.71735,10672.070642499999
2026-10-01 19:00:00+00:00,4303.78108,15619.9499325,9171.100945,19.0,2031.5165749999999,116.06549749999999,154.0538,50.71,0.087,851.549975,10083.430285
2026-10-01 20:00:00+00:00,4180.423805,15476.158210000001,8976.4895225,19.0,1142.6249,116.043835,174.92605,50.71,0.06725,854.86405,9407.4465875
2026-10-01 21:00:00+00:00,4070.03938,15560.3543975,8759.573854999999,19.0,318.791375,115.968,177.87405,50.71,0.05975,854.620175,8691.81291
2026-10-01 22:00:00+00:00,3956.225815,15181.9816525,8521.187857500001,19.0,66.6107,106.78308249999999,167.4503,50.71,0.05325,852.518525,8124.606734999999
2026-10-01 23:00:00+00:00,3910.858035,15145.027635,8506.9288925,19.0,20.3881,106.57399749999999,166.44830000000002,50.71,0.052000000000000005,854.451075,7491.3891674999995
2026-10-02 00:00:00+00:00,3875.81401,15153.9279375,8512.396134999999,19.0,152.521075,106.4723325,162.13655,50.71,0.0525,848.71305,6793.74763
2026-10-02 01:00:00+00:00,3871.87551,15436.7918125,8521.1824825,19.0,205.44262500000002,106.505665,161.86079999999998,50.71,0.05475,844.40135,6264.88871
2026-10-02 02:00:00+00:00,3886.1577850000003,15638.917032500001,8625.996675,19.0,22.619325,106.5389975,168.12355000000002,50.71,0.061,841.1793,5772.48199
2026-10-02 03:00:00+00:00,3945.27186,15697.1617625,8793.3161225,19.0,195.0125,106.8056675,177.65605,50.71,0.04875,830.809025,5181.92244
2026-10-02 04:00:00+00:00,4104.70226,15399.6383675,9483.054775,19.0,2141.934025,106.709,208.4548,50.71,0.14150000000000001,822.8323250000001,4566.0302125
2026-10-02 05:00:00+00:00,4262.57601,15449.7797725,9681.652305,19.0,5817.696975,106.50733249999999,209.20955,50.71,269.57975,826.297525,3962.72655
2026-10-02 06:00:00+00:00,4303.008085,15595.608587499999,9582.0451575,19.0,4739.13825,106.96290499999999,209.19729999999998,50.71,3399.04725,830.111225,3337.8564975
2026-10-02 07:00:00+00:00,4237.45381,15425.783885,9323.6209525,19.0,1909.153075,106.919,209.23905,50.71,9557.742,834.9929,2784.5219349999998
2026-10-02 08:00:00+00:00,4087.45486,15579.77199,8081.298545,19.0,326.646575,106.7356675,209.29354999999998,50.71,16618.153749999998,829.0298,2207.41658
2026-10-02 09:00:00+00:00,3972.43351,15327.096645,6590.1486125,19.0,146.7069,106.60233249999999,207.64679999999998,50.71,23264.673,805.465575,2055.8358799999996
2026-10-02 10:00:00+00:00,3877.31656,14493.24602,5064.8735525,19.0,16.29145,106.54066499999999,192.0208,50.71,27513.29625,804.215125,2131.4632
2026-10-02 11:00:00+00:00,3848.60801,13874.06818,4718.84679,19.0,11.6229,106.51066499999999,185.2498,50.71,28631.389499999997,794.9547,1967.6915275000001
2026-10-02 12:00:00+00:00,3848.07556,13845.731475,4842.16994,19.0,144.8837,106.7040025,201.1208,50.71,26423.055500000002,790.477625,1914.3162275
2026-10-02 13:00:00+00:00,3879.9376350000002,14411.47671,5826.5880925,19.0,64.9999,106.8890025,197.40255,50.71,21923.592,797.558,1943.8337549999999
2026-10-02 14:00:00+00:00,3989.19026,15371.66164,8119.6491525,19.0,294.436325,178.466,209.15155000000001,50.71,15324.1675,825.94985,1753.6181375
2026-10-02 15:00:00+00:00,4203.931834999999,15788.0515825,10004.431655,19.0,2679.383375,145.64333249999999,209.10930000000002,50.71,7391.895,843.1749500000001,1468.52286
2026-10-02 16:00:00+00:00,4408.2715100000005,16008.085905,10637.244214999999,19.0,6047.369525,122.36325,209.0888,50.71,1285.2772499999999,849.8444,1475.6471099999999
2026-10-02 17:00:00+00:00,4449.269585,15972.3935,11021.652924999999,19.0,6464.729625,106.4723325,209.0208,50.71,2.6355,849.368825,1634.9171724999999
2026-10-02 18:00:00+00:00,4394.229585,15991.503162500001,10971.31018,19.0,5612.292875,106.9389975,209.04455000000002,50.71,0.258,850.88335,2150.377675
2026-10-02 19:00:00+00:00,4290.051635,15924.96198,10338.418275,19.0,3514.5044,106.807335,209.0783,50.71,0.19625,853.014475,2527.950535
2026-10-02 20:00:00+00:00,4177.39256,15706.1204375,9639.4988875,19.0,966.92245,106.9265,209.1578,50.71,0.14400000000000002,853.10645,2838.3612525
2026-10-02 21:00:00+00:00,4063.2242349999997,15299.9469375,9409.0647125,19.0,104.62134999999999,106.689,209.1293,50.71,0.11599999999999999,852.075825,2967.68044
2026-10-02 22:00:00+00:00,3949.43476,14725.657575,8669.1303825,19.0,249.6416,111.48325,209.1293,50.71,0.1555,846.6788,3081.8048774999997
2026-10-02 23:00:00+00:00,3910.349985,14720.371385,8539.117227499999,19.0,157.07444999999998,111.1293325,207.90805,50.71,0.16225,851.342525,3128.6650649999997
2026-10-03 00:00:00+00:00,3897.2034599999997,14697.17942,8443.8003775,19.0,151.15814999999998,111.196,195.12255,50.71,0.14875,854.98735,3259.8771500000003
2026-10-03 01:00:00+00:00,3892.787435,14219.1112925,8380.177475,19.0,158.7551,111.1626675,192.7313,50.71,0.14075,854.983675,3331.9668825
2026-10-03 02:00:00+00:00,3926.82541,14258.6127025,8489.560497499999,19.0,139.96205,111.1643325,209.0143,50.71,0.1365,851.79535,3550.88978
2026-10-03 03:00:00+00:00,3999.932785,14585.8497875,8553.0585625,19.0,111.81795,111.0926675,209.02505,50.71,0.124,839.084175,3609.2345125
2026-10-03 04:00:00+00:00,4197.64211,14813.22367,8707.236485,19.0,92.306225,111.1293325,208.9998,50.71,0.07475,839.1992,3918.501695
2026-10-03 05:00:00+00:00,4355.123735,14743.4473125,8791.87054,19.0,84.3303,111.1293325,210.9808,50.71,389.087,839.1371750000001,4318.4163874999995
2026-10-03 06:00:00+00:00,4393.086635,14713.9191875,8439.367475,19.0,61.102625,111.227665,212.22305,50.71,4616.57175,843.25055,4504.838192499999
2026-10-03 07:00:00+00:00,4325.47726,14541.9261225,6068.8354,19.0,183.64702499999999,111.292665,202.8698,50.71,12576.137999999999,810.825975,4303.4199725
2026-10-03 08:00:00+00:00,4163.621585,13562.6064475,3317.2120025,19.0,114.316675,111.4093325,197.2218,50.71,21458.091,792.5745499999999,3629.3808550000003
2026-10-03 09:00:00+00:00,4041.92071,10937.946385,2700.084475,19.0,73.065225,111.226,186.8928,50.71,30069.6685,797.3366,3246.2240899999997
2026-10-03 10:00:00+00:00,3897.5189100000002,8813.077819999999,2230.365785,19.0,68.034375,111.262665,168.69580000000002,50.71,35893.854,799.816525,3452.0720775
2026-10-03 11:00:00+00:00,3878.63066,7250.1351775,2148.353295,19.0,105.42575,111.12766500000001,154.2578,50.71,36910.5705,808.7414,3649.25099
2026-10-03 12:00:00+00:00,3893.9002849999997,7391.4633075,2139.466725,19.0,138.49337500000001,111.2276675,153.7053,50.71,34406.81975,811.45135,3629.28763
2026-10-03 13:00:00+00:00,3938.836285,9809.1455125,2236.8611025,19.0,251.66152499999998,111.7534975,169.1418,50.71,28474.68075,810.51475,3462.2052299999996
2026-10-03 14:00:00+00:00,4075.26381,12768.198065,3344.70225,19.0,209.967475,111.6226675,190.86355,50.71,19278.8465,819.837975,2875.143865
2026-10-03 15:00:00+00:00,4305.839235,14398.2365725,6898.746325,19.0,1859.5897999999997,111.746835,209.7993,50.71,8701.75225,822.232675,2292.68505
2026-10-03 16:00:00+00:00,4497.70001,14802.9153275,8666.324505,19.0,4298.8379,111.231,214.56754999999998,50.71,1226.41325,858.300875,2367.22469
2026-10-03 17:00:00+00:00,4509.742235,14992.6149675,8973.10966,19.0,4843.106075000001,111.126,214.5233,50.71,1.0190000000000001,645.174825,2648.5374949999996
2026-10-03 18:00:00+00:00,4455.04721,14981.6570275,9094.125345,19.0,3248.572225,111.261,214.6008,50.71,0.26525,858.4129,3003.0724474999997
2026-10-03 19:00:00+00:00,4324.24261,14991.5494725,8850.34066,19.0,1501.672525,111.2793325,214.6963,50.71,0.186,857.96195,3030.8932675
2026-10-03 20:00:00+00:00,4182.98026,14985.667755,8691.288325,19.0,621.6565499999999,111.36099999999999,211.1688,50.71,0.13774999999999998,857.6697,2903.19088
2026-10-03 21:00:00+00:00,4062.09436,14974.0451525,8454.47659,19.0,110.02175,111.345165,193.7948,50.71,0.116,857.720125,2773.21718
2026-10-03 22:00:00+00:00,3965.287985,14944.9519625,8240.5943475,19.0,108.69900000000001,109.66025,193.83155,50.71,0.09825,788.32935,2665.690305
2026-10-03 23:00:00+00:00,3921.0225849999997,14937.62257,8202.2760575,19.0,145.23595,109.556,193.41255,50.71,0.079,784.66425,2343.6231275
2026-10-04 00:00:00+00:00,3894.167785,14924.057327499999,8160.372630000001,19.0,160.47455,109.5543325,188.1583,50.71,0.0745,780.508775,2033.9529825
2026-10-04 01:00:00+00:00,3886.374385,14837.16589,8162.08963,19.0,125.3934,109.65433250000001,188.51330000000002,50.71,0.0635,781.989825,1647.086335
2026-10-04 02:00:00+00:00,3908.288085,14700.7326475,8094.120595,19.0,206.69975,109.5543325,187.04355,50.71,0.05600000000000001,779.69515,1348.782015
2026-10-04 03:00:00+00:00,3978.287785,14802.23933,8116.0291925,19.0,190.74345,109.62100000000001,187.4478,50.71,0.05475,771.396225,1288.0034475
2026-10-04 04:00:00+00:00,4183.77326,14834.172485,8169.9768825,19.0,253.566175,109.58766750000001,199.02805,50.71,0.049,778.296175,1325.143225
2026-10-04 05:00:00+00:00,4362.147785,14593.4143025,7905.60104,19.0,301.73900000000003,109.58766750000001,199.18305,50.71,504.62,781.5086249999999,1351.451155
2026-10-04 06:00:00+00:00,4401.4095099999995,13723.1000525,5702.5389075,19.0,221.77005,109.62100000000001,199.00730000000001,50.71,5783.013,775.44995,1400.73108
2026-10-04 07:00:00+00:00,4322.240734999999,12425.9963875,3355.0610825000003,19.0,105.6658,109.6893325,184.9853,50.71,16001.873500000002,774.0304,1147.3099625
2026-10-04 08:00:00+00:00,4154.733985,10416.577395,2356.3653375,19.0,98.339825,109.8301675,170.71755,50.71,26793.839,737.02495,699.615005
2026-10-04 09:00:00+00:00,4031.445885,6951.7918,2047.5435149999998,19.0,294.33835,109.90350000000001,155.9273,50.71,35214.054749999996,738.859125,965.4199175
2026-10-04 10:00:00+00:00,3898.20126,5916.6174625,2007.9008925,19.0,107.8338,110.06933000000001,155.0593,50.71,39569.062,737.979375,1401.2648325
2026-10-04 11:00:00+00:00,3858.449635,5908.812165,1994.9479575,19.0,140.871975,109.5526675,155.06955,50.71,39153.67725,736.922525,1786.699915
2026-10-04 12:00:00+00:00,3866.625685,6074.8202575,1974.0942325,19.0,151.570825,110.0401675,155.0718,50.71,35346.1535,738.401475,2106.5738625
2026-10-04 13:00:00+00:00,3917.23256,6903.85689,2098.894185,19.0,184.276475,110.019335,158.6773,50.71,29574.557249999998,744.3817750000001,2405.8247425
2026-10-04 14:00:00+00:00,4039.09206,11039.57443,2814.8638725,19.0,143.52335,110.5526675,180.60855,50.71,19934.28075,762.3579,2806.0951425
2026-10-04 15:00:00+00:00,4201.81256,13653.0650825,6120.38525,19.0,533.18415,110.186,204.0403,50.71,8807.509,776.7037750000001,3005.4923074999997
2026-10-04 16:00:00+00:00,4395.709835,14605.0805775,7738.60523,19.0,3278.5806999999995,109.919335,209.0948,50.71,1198.80525,787.719075,3140.3586025
2026-10-04 17:00:00+00:00,4435.729735,14782.07938,7956.638465,19.0,5051.3643,109.5543325,212.23955,50.71,1.17375,791.9055,3230.8415999999997
2026-10-04 18:00:00+00:00,4360.40391,14897.641599999999,8078.1547075,19.0,4185.014775,109.8043325,212.33905,50.71,0.245,796.7994249999999,3686.6084525
2026-10-04 19:00:00+00:00,4217.65301,15049.796625,8069.25569,19.0,2395.520525,109.65433250000001,212.29505,50.71,0.1675,809.349275,4259.8583875
2026-10-04 20:00:00+00:00,4078.92986,15173.0201425,7976.3196975,19.0,964.32385,109.8593325,205.3753,50.71,0.12925,816.42375,4873.0251725
2026-10-04 21:00:00+00:00,3952.58781,15323.5664475,7736.17231,19.0,354.0384,109.70433249999999,195.62529999999998,50.71,0.10375000000000001,817.66515,5945.7267825
2026-10-04 22:00:00+00:00,3845.44976,15383.794265,6941.0459925,19.0,148.0218,110.006835,195.46755000000002,50.71,0.0005,795.3557000000001,6831.40279
2026-10-04 23:00:00+00:00,3827.52426,15137.3335325,6587.39932,19.0,159.53877500000002,109.65100000000001,195.4583,50.71,0.00125,793.7661,8432.570992500001
2026-10-05 00:00:00+00:00,3816.17436,15310.1934575,6402.6888325,19.0,28.853975,109.656,195.48955,50.71,0.00025,790.997525,9724.9470225
2026-10-05 01:00:00+00:00,3811.532835,15622.4435175,6163.6350725,19.0,28.09165,109.5862175,191.4513,50.71,0.0005,794.52035,10988.0856175
2026-10-05 02:00:00+00:00,3841.337385,15795.78915,6003.9766375,19.0,29.439275000000002,118.2828325,189.78379999999999,50.71,0.00075,794.142975,12171.8458075
2026-10-05 03:00:00+00:00,3906.43861,15895.9520225,6290.3820625,19.0,30.639,127.802165,189.73805000000002,50.71,0.00025,785.333425,12577.6059025
2026-10-05 04:00:00+00:00,4096.211835,16104.63052,7602.8391725,19.0,1052.31225,264.565665,186.0948,50.71,0.00075,788.01485,14069.8566825
2026-10-05 05:00:00+00:00,4244.594485,16010.452874999999,8447.7708475,19.0,4265.5855,182.3568325,186.17305,50.71,450.797,786.07835,14535.2174925
2026-10-05 06:00:00+00:00,4281.75126,15925.2758125,8462.9912675,19.0,3677.3866,109.856,186.03205,50.71,6695.47125,785.570475,14579.09375
2026-10-05 07:00:00+00:00,4206.399735,14152.252517500001,7254.93444,19.0,874.143925,110.3368325,182.11955,50.71,18606.314749999998,782.06445,12914.811945000001
2026-10-05 08:00:00+00:00,4020.418185,12153.718065,5012.35306,19.0,83.8473,109.9876675,156.7918,50.71,31079.86725,740.80565,9754.3057325
2026-10-05 09:00:00+00:00,3906.27856,9428.07613,3703.9151925,19.0,24.119974999999997,109.8043325,156.5073,66.03524999999999,40785.6555,737.89955,9618.08788
2026-10-05 10:00:00+00:00,3833.850635,8284.4700425,4007.7162200000002,19.0,79.107475,109.686,156.5333,71.451,45522.45175,738.4125750000001,10837.9690875
2026-10-05 11:00:00+00:00,3809.97306,8156.3260199999995,3879.348175,19.0,128.4273,109.65766500000001,156.52405,71.451,44759.2435,754.110225,12002.986035
2026-10-05 12:00:00+00:00,3811.2438349999998,8419.185795,4046.4026575,19.0,170.693375,109.95267,156.8353,71.451,40950.6605,749.669575,13206.54155
2026-10-05 13:00:00+00:00,3848.95676,9361.628672499999,4097.4396575,19.0,110.089375,110.275165,172.6828,71.451,34107.034,758.823075,13949.137204999999
2026-10-05 14:00:00+00:00,3980.47311,13114.5964725,4552.4644275,19.0,284.83785,110.1401675,208.2673,71.451,23439.87975,781.114525,14355.826074999999
2026-10-05 15:00:00+00:00,4222.436084999999,15479.083555,7205.867015,19.0,1066.051325,109.989335,237.4203,71.451,10340.401249999999,792.880675,14081.7372075
2026-10-05 16:00:00+00:00,4407.78421,16223.837535,9365.2270525,19.0,4124.5581999999995,109.92433249999999,263.21305,71.451,1372.7995,786.3858749999999,14320.494455
2026-10-05 17:00:00+00:00,4432.16606,16419.047635,9395.6261025,19.0,5452.0369,109.5526675,275.20305,71.451,0.6492500000000001,788.347925,15155.9745225
2026-10-05 18:00:00+00:00,4390.978535,16264.5362725,9509.4134375,19.0,3660.3823,110.0035,273.82705,71.451,0.00075,789.443,16569.2300025
2026-10-05 19:00:00+00:00,4261.42476,15971.6320125,9350.8802,19.0,1510.12025,110.13683499999999,236.57055,71.451,0.00025,792.9110499999999,17602.5855975
2026-10-05 20:00:00+00:00,4140.4936099999995,15888.37906,8996.544695,19.0,294.376925,109.77516750000001,200.54330000000002,71.451,0.0005,784.536025,17788.0964075
2026-10-05 21:00:00+00:00,4008.2519350000002,15591.7169275,7740.4544225,19.0,97.69005,109.75266500000001,187.74755,71.451,0.001,784.3375,17137.198007500003
2026-10-05 22:00:00+00:00,3905.38276,15337.5546675,6795.815725,19.0,38.413375,105.01266749999999,179.9903,71.451,0.0,809.357025,16418.0201775
2026-10-05 23:00:00+00:00,3877.305835,15217.415347499998,6693.6436625,19.0,30.747675,104.9963325,176.98655,71.451,0.001,805.163675,15485.511182499999
2026-10-06 00:00:00+00:00,3847.119685,14813.89999,6365.6909725000005,19.0,25.126925,105.031335,163.4783,50.9405,0.0005,807.16285,14308.160865
2026-10-06 01:00:00+00:00,3843.7077600000002,14624.917365000001,6160.965520000001,19.0,24.5687,104.9313325,156.11955,50.71,0.0005,807.4032,13548.533415
2026-10-06 02:00:00+00:00,3857.337485,14726.8227775,6450.00576,19.0,15.514125,105.03133,156.3108,50.71,0.0005,808.1531,11835.523275
2026-10-06 03:00:00+00:00,3939.780585,15336.4501425,7544.8873,19.0,23.39365,104.9979975,170.43105,50.71,0.001,800.709575,10209.07631
2026-10-06 04:00:00+00:00,4125.50051,16147.570405,9545.5476525,19.0,2782.9676249999998,105.3771675,202.3028,54.8005,0.0,796.2856999999999,8814.282105
2026-10-06 05:00:00+00:00,0.0,0.0,369.365,0.0,0.0,0.0,0.0,0.0,0.0,0.0,0.0
