,biomass_MW,coal_MW,gas_MW,geothermal_MW,hydro_MW,oil_MW,other_MW,other_renewable_MW,solar_MW,waste_MW,wind_MW,carbon_intensity_gCO2_kWh
2026-09-23 05:00:00+00:00,4015.257515,16834.629145,9230.0014125,19.00702,5952.74965,313.208835,211.1158,71.451,1996.987,793.351825,2835.1456325,519.0829900604463
2026-09-23 06:00:00+00:00,4003.22749,16133.4237525,8943.984432500001,19.00702,3204.852825,313.37633500000004,211.0468,71.451,12819.548,812.3069499999999,3088.4117775,435.5075929660765
2026-09-23 07:00:00+00:00,3863.370765,14033.0639275,7125.77643,19.00702,447.5144,313.342165,210.60705,71.451,27112.98975,599.741725,2650.8981875,339.7373696318164
2026-09-23 08:00:00+00:00,3722.01494,12422.2482325,4467.35652,19.00702,151.210575,313.3296675,203.6208,71.451,38644.7925,764.754425,2054.90704,271.23366831593216
2026-09-23 09:00:00+00:00,3618.32154,10160.40803,3691.5997975,19.00702,48.16125,313.024665,186.5633,71.451,46169.723,789.99635,2003.995305,222.93794349146677
2026-09-23 10:00:00+00:00,3550.131515,8241.3283525,2749.5570525,19.00702,62.036075,313.0263325,161.5783,71.451,50436.66625,790.87425,2584.3303450000003,187.52934069850062
2026-09-23 11:00:00+00:00,3534.407515,7784.1742425,2634.9241675,19.00702,116.86555,312.956335,157.18380000000002,71.451,50574.1165,777.232525,3265.6766675,180.00596725472812
2026-09-23 12:00:00+00:00,3533.70519,8019.4567525,2634.056355,19.00702,145.041675,313.063,157.1753,71.451,47274.1885,769.61925,4149.1536,186.79555284224338
2026-09-23 13:00:00+00:00,3571.463715,10775.012045,2907.5639975,19.00702,244.784075,312.9913325,160.13505,71.451,39719.0135,775.532375,5119.2219125,232.95757617230262
2026-09-23 14:00:00+00:00,3717.524765,13559.2167175,4856.79064,19.00702,549.66635,313.226335,187.7448,71.451,28180.563,781.538,6174.470425,305.5436816062268
2026-09-23 15:00:00+00:00,3942.298215,14548.444785,7512.16285,19.00702,2719.04445,315.6994975,208.1928,71.451,14649.83775,791.43045,7575.2599375,373.80787461467315
2026-09-23 16:00:00+00:00,4131.73599,15107.96936,9399.2570975,19.00702,5413.19385,424.9492075,217.37105,71.451,3838.08925,792.649725,7017.52673,446.04030722249826
2026-09-23 17:00:00+00:00,4181.748915,15165.035075,10078.7327475,19.00702,5904.75555,572.8712675,243.8713,71.451,73.523,795.92895,8859.2963575,459.2443316148484
2026-09-23 18:00:00+00:00,4139.13594,15838.6927425,10293.2907525,19.00702,3627.9173,414.3237925,268.57755,71.451,0.301,789.30125,13533.331765,442.44599123987587
2026-09-23 19:00:00+00:00,4039.14544,15439.18092,10012.7338,19.00702,956.349025,313.128,242.85255,71.451,0.224,796.08085,15506.93954,443.56806695403645
2026-09-23 20:00:00+00:00,4058.60829,14938.0177475,9021.113647499998,19.00702,932.668075,313.0930025,221.5013,71.451,0.16375,800.21095,17459.65149,420.3052627079364
2026-09-23 21:00:00+00:00,3864.47729,14189.629475,7976.659355,19.00702,238.830075,313.091335,194.0098,71.451,0.1275,798.240575,19747.96837,397.9626030658601
2026-09-23 22:00:00+00:00,3806.50729,13320.890355,7299.5050825,19.00702,94.3399,297.043335,165.86805,71.451,0.098,814.708525,22810.03404,364.6767422337862
2026-09-23 23:00:00+00:00,3822.911715,13133.47187,6924.8772925,19.00702,89.2955,296.85,159.39955,71.451,0.087,814.604,24497.841905,349.7125389568132
2026-09-24 00:00:00+00:00,3793.997515,14001.3724375,6651.235677500001,19.00702,56.791725,297.0016675,159.41129999999998,71.451,0.07175,810.504675,25188.7228275,353.96466917689077
2026-09-24 01:00:00+00:00,3810.286415,13998.66189,6605.9789225,19.00702,69.073875,296.781665,159.4133,71.451,0.06425,803.5737750000001,26932.1867425,342.29923517136496
2026-09-24 02:00:00+00:00,3829.14019,13877.939785,6484.8731625,19.00702,105.95255,296.85,159.3933,71.451,0.063,809.1078749999999,27986.3272775,333.99969709040545
2026-09-24 03:00:00+00:00,3904.81439,14175.187915,6604.710215,19.00702,107.42805,296.7833325,159.5888,71.451,0.059,803.59525,27621.1335275,339.4577398567197
2026-09-24 04:00:00+00:00,4092.10969,14042.708375,7232.7580825,19.00702,348.16572499999995,296.9816675,159.7308,71.451,0.2085,729.093725,29513.6220375,326.37160072689085
2026-09-24 05:00:00+00:00,4245.002765,14106.2351925,7244.239785,19.00702,1887.94935,322.7276575,160.1173,71.451,725.7897499999999,723.1869,29414.4949625,316.1034896996849
2026-09-24 06:00:00+00:00,4267.00604,13756.8367,7192.3244825,19.00702,2053.73575,439.8365075,173.69855,71.451,5510.123,727.997025,28845.065135,295.16765002466246
2026-09-24 07:00:00+00:00,4188.881864999999,13551.11215,6765.583732499999,19.00702,466.635,308.3282425,158.3413,71.451,12447.04,720.33615,29759.438295,268.19252542429774
2026-09-24 08:00:00+00:00,4029.48054,12959.63615,5039.722895,19.00702,183.75635,297.015,158.0478,71.451,19139.50625,757.07875,30114.8760875,237.27593497235142
2026-09-24 09:00:00+00:00,3908.33669,12157.8983875,4146.8701975,19.00702,151.77115,297.4633325,158.38305,71.451,24614.7135,758.985125,29606.63027,215.06789590872995
2026-09-24 10:00:00+00:00,3827.10399,10400.3373025,3903.1861975,19.00702,186.9646,296.9483325,165.2088,71.451,28053.9615,767.270125,28664.5548525,193.27297606365957
2026-09-24 11:00:00+00:00,3791.931715,10559.551135,3490.17711,19.00702,306.92145,296.781665,158.4303,71.451,27460.196,765.5717,28118.067205,195.30797421555508
2026-09-24 12:00:00+00:00,3816.058915,11328.387265,3251.0366575,19.00702,159.474175,296.7466675,168.79255,71.451,25713.953500000003,759.481575,26514.5328825,209.92918589590278
2026-09-24 13:00:00+00:00,3850.20344,11326.0071375,3334.8225875,19.00702,153.13737500000002,296.781665,174.6713,71.451,23232.85925,757.315275,26000.48909,217.66320784735186
2026-09-24 14:00:00+00:00,3946.154415,12704.09375,3990.7852175,19.00702,300.876725,297.3175,174.9283,71.451,18272.84475,757.5681,23873.6863175,254.73977347175406
2026-09-24 15:00:00+00:00,4187.99749,14672.7981825,6425.21813,19.00702,1248.049675,297.3483325,193.9823,71.451,11041.76625,761.821275,19630.958245,326.0719912777057
2026-09-24 16:00:00+00:00,4389.203390000001,15752.73446,8602.9052525,19.00702,4947.571775,296.9483325,212.04155,71.451,2706.83575,788.088175,14362.651255,400.0973139853184
2026-09-24 17:00:00+00:00,4435.57079,15887.205995,9803.1237,19.00702,5681.84175,296.815,212.32055,71.451,27.27725,806.360775,11204.6578675,443.0413990836682
2026-09-24 18:00:00+00:00,4363.36069,15915.24919,9893.99077,19.00702,5625.041175,296.7816675,212.3153,71.451,0.2565,809.5114,8984.2818025,465.2911361248527
2026-09-24 19:00:00+00:00,4278.805515,15892.2016675,9434.01104,19.00702,3693.69375,297.1958325,212.31855,71.451,0.1755,809.65525,7627.296652499999,499.9548205022603
2026-09-24 20:00:00+00:00,4154.96294,15901.0810725,9029.1464625,19.00702,1254.664925,296.981665,212.37055,71.451,0.14,809.90795,6105.7015775,551.358749914423
2026-09-24 21:00:00+00:00,4017.948965,15955.3795,8561.227317500001,19.00702,737.998725,297.0666675,212.04055,71.451,0.1139999999999999,771.38305,5069.472725,576.8592766336501
2026-09-24 22:00:00+00:00,3869.881465,15687.114505,8103.132175,19.00702,204.253175,300.65625,211.93505,71.451,0.09225,809.790125,4533.265637500001,595.088517271939
2026-09-24 23:00:00+00:00,3815.98574,15272.4872075,8085.213339999999,19.00702,91.021225,300.602,211.86955,71.451,0.08525,812.41845,4467.63974,595.0562618275826
2026-09-25 00:00:00+00:00,3801.808815,15169.2242725,7932.812275,19.00702,59.739325,300.6986675,212.01155,71.451,0.06975,815.1129000000001,4366.160175,597.1226145839333
2026-09-25 01:00:00+00:00,3792.58474,14741.725775,7878.8429775,19.00702,171.696675,300.5686725,211.98305,71.451,0.06475,814.344075,4629.0085175,586.7400239293621
2026-09-25 02:00:00+00:00,3812.913965,14873.6271025,7979.69351,19.00702,104.499875,300.66200000000003,212.02505,71.451,0.0577499999999999,814.892175,4671.650385,587.8894179061435
2026-09-25 03:00:00+00:00,3886.88394,14984.08771,8377.967935,19.00702,436.3082,300.800335,212.21005,71.451,0.05675,791.0678,4606.955384999999,582.3031380309098
2026-09-25 04:00:00+00:00,4104.077465,14806.6690725,8933.59127,19.00702,3527.366825,300.9336675,212.26205,71.451,0.34175,740.768575,4696.2184775,529.4596583354387
2026-09-25 05:00:00+00:00,4272.30179,14760.5918425,9479.273135,19.00702,5593.87355,300.66700000000003,214.3368,71.451,1475.3865,743.053275,5548.2654575,475.56878147262785
2026-09-25 06:00:00+00:00,4263.576815,14763.91556,8930.5447925,19.00702,2790.760425,300.767,214.9118,71.451,10911.1055,744.8403500000001,6025.806797499999,413.9345041636158
2026-09-25 07:00:00+00:00,4157.313615,13993.5259775,7228.0321975,19.00702,188.254625,301.187835,215.3883,71.451,24688.639,756.67365,5726.9975425,336.75016227381565
2026-09-25 08:00:00+00:00,3997.850215,13097.7280125,3880.211215,19.00702,186.045925,300.863665,208.24405,71.451,36466.88025,727.772,5271.81479,269.7159842144452
2026-09-25 09:00:00+00:00,3872.54104,10846.077075,2651.9078025,19.00702,390.5385,300.802,192.0148,71.451,43400.006,768.9123999999999,6185.007675000001,218.66742641573884
2026-09-25 10:00:00+00:00,3793.18034,7719.5559825,2453.551275,19.00702,263.1234,300.9145,159.9788,71.451,47438.41925,784.95195,6583.540025,176.39105537259238
2026-09-25 11:00:00+00:00,3778.673165,7505.9201075,2376.1050175,19.00702,117.5192,300.6386675,157.7028,71.451,47870.112,790.5303,6364.592392500001,173.87009228236204
2026-09-25 12:00:00+00:00,3773.50544,7480.647865,2303.167805,19.00702,146.8061,300.8303325,157.33805,71.451,44737.80075,794.8380500000001,5978.6036225,180.31099891491712
2026-09-25 13:00:00+00:00,3798.02734,9169.554055,2536.144745,19.00702,157.86422499999998,300.66700000000003,157.96280000000002,71.451,38593.1975,794.000775,5317.1282175,216.92001168282263
2026-09-25 14:00:00+00:00,3950.03659,12477.2454425,4174.7747975,19.00702,243.92775,300.9336675,182.4793,71.451,29211.0035,780.116475,4519.5518475,296.78481632689466
2026-09-25 15:00:00+00:00,4177.082565000001,13923.577515,7205.72797,19.00702,1910.573225,301.3503325,211.12655,71.451,15882.09525,783.8171,3675.57835,392.16168059798207
2026-09-25 16:00:00+00:00,4376.35079,14166.81207,8429.6591125,19.00702,5613.9047,300.968665,214.23705,71.451,3844.2765,814.72375,2991.5525775,473.0362529256027
2026-09-25 17:00:00+00:00,4410.18674,14235.86477,8745.41656,19.00702,6593.738275,300.567,214.5103,71.451,44.7915,829.214075,3066.53468,503.7736736800475
2026-09-25 18:00:00+00:00,4400.852865,14582.156045,8542.842785,19.00702,5618.245325,300.698665,213.98705,71.451,0.299,826.2612750000001,3554.5722525,513.9852844302534
2026-09-25 19:00:00+00:00,4273.2683400000005,14878.0309025,8429.6189225,19.00702,2970.0978250000003,301.0003325,211.9433,71.451,0.22375,827.366575,4400.066415,542.1873978587181
2026-09-25 20:00:00+00:00,4111.642815,14908.4396125,8264.078865,19.00702,2318.78805,300.833665,212.0303,71.451,0.16325,819.82775,5393.74152,538.8081675182749
2026-09-25 21:00:00+00:00,3971.870465,14630.25529,8128.9788075,19.00702,1182.571225,300.850335,212.02905,71.451,0.1325,794.0277,6358.211685,539.2527755364412
2026-09-25 22:00:00+00:00,3894.185065,13872.10348,7638.2586425,19.00702,372.982075,298.779165,212.00905,72.451,0.099,815.938625,7551.8267225,526.8223741969229
2026-09-25 23:00:00+00:00,3861.39399,13396.3801475,6915.5121125000005,19.00702,252.252525,298.4243325,211.9098,72.451,0.0847499999999999,813.997175,8235.20203,514.0921542888232
2026-09-26 00:00:00+00:00,3830.536965,13200.326745,6502.8490475,19.00702,101.34005,298.2893325,212.00205,72.451,0.068,814.26175,8551.254667500001,509.8683707128741
2026-09-26 01:00:00+00:00,3816.662965,13214.305665,6434.312905,19.00702,47.2708,298.3543325,211.99355,72.451,0.065,813.07185,8624.721482500001,509.86471332756724
2026-09-26 02:00:00+00:00,3840.615465,13235.27003,6433.7338225,19.00702,40.697775,298.322665,212.0048,72.451,0.05425,812.54105,8255.406790000001,515.5451857028678
2026-09-26 03:00:00+00:00,3942.076065,13333.524875,6505.643595,19.00702,29.14955,298.3226675,211.9258,72.451,0.05625,795.0563500000001,7745.978160000001,523.524723981906
2026-09-26 04:00:00+00:00,4223.236115,13351.4783875,6585.9172625,19.00702,183.2974,298.3876675,211.89755,72.451,0.41675,767.48955,7122.522344999999,528.2008919341688
2026-09-26 05:00:00+00:00,4390.37669,13081.561875,6513.286024999999,19.00702,305.3181,298.322665,211.79405,72.451,1573.44425,753.3231000000001,7146.352665,499.49044586828256
2026-09-26 06:00:00+00:00,4391.912465,12261.9650275,5162.980565,19.00702,244.459575,298.454335,211.0273,72.451,11722.99825,754.1070500000001,6637.74019,388.16213001212816
2026-09-26 07:00:00+00:00,4264.668540000001,10488.91071,3843.580335,19.00702,125.32605,298.6693325,191.5093,72.451,25557.103,757.90125,5048.1096,286.9899828312892
2026-09-26 08:00:00+00:00,4102.14109,8212.3154675,3223.0584750000003,19.00702,156.71255,298.6793325,162.83805,72.451,36451.06075,801.8153,2744.695345,224.76296821985753
2026-09-26 09:00:00+00:00,3967.374265,5889.427635,2316.0844075,19.00702,322.98935,299.041,158.56805,72.451,43222.54975,773.699325,1844.962315,175.71953182496785
2026-09-26 10:00:00+00:00,3853.286465,5426.3864175,2187.9228625,19.00702,272.173025,298.6035025,158.5503,72.451,46584.84125,777.140525,1510.4524225,163.35288896144706
2026-09-26 11:00:00+00:00,3815.24619,5350.81146,2223.465995,19.00702,168.2737,298.4243325,158.55455,72.451,45975.33,780.4083,1272.06006,164.66040009156228
2026-09-26 12:00:00+00:00,3816.55959,5338.430385,2082.957895,19.00702,176.96370000000002,298.5243325,158.51255,72.451,42328.005,762.3998,1392.4798425,170.83962729687494
2026-09-26 13:00:00+00:00,3865.27289,6101.9553025,2166.36645,19.00702,136.11282500000002,298.391,161.28455,72.451,35397.06475,778.0584,1122.5896225,201.1631769609415
2026-09-26 14:00:00+00:00,4012.69799,9702.24333,2876.803405,19.00702,533.7079249999999,298.7226675,195.0273,72.451,25446.8005,786.4634,922.0557275,296.1763033555887
2026-09-26 15:00:00+00:00,4254.04774,12466.975335,5542.4427625,19.00702,1778.5156499999998,298.756,201.5748,72.451,12773.022,813.86095,901.060595,424.9658195423763
2026-09-26 16:00:00+00:00,4448.754615,13326.361475,8028.2748425,19.00702,4416.083575,298.7086125,211.68355,72.451,2738.679,823.3643999999999,1161.723885,514.551182113519
2026-09-26 17:00:00+00:00,4488.949365,13439.3024325,8358.13171,19.00702,6110.59825,298.421,213.1993,72.451,21.83825,616.5756,1668.6773475,518.3275388147978
2026-09-26 18:00:00+00:00,4422.484465,13472.269265,8434.738057499999,19.00702,5916.3881,298.537665,213.12105,72.451,0.28825,823.02435,2637.1650600000003,510.7062446985733
2026-09-26 19:00:00+00:00,4306.27714,13487.9272025,8256.92373,19.00702,4223.922425,298.4910025,212.30605,72.451,0.1975,822.926775,3763.600635,519.257163228532
2026-09-26 20:00:00+00:00,4149.818415,13469.712815,8118.26246,19.00702,2977.606,298.5559975,201.75655,72.451,0.14775,823.0709999999999,4677.514555,524.8745796069085
2026-09-26 21:00:00+00:00,4022.09724,13243.944615,7966.7468575,19.00702,1345.564925,298.6734975,198.66305,72.451,0.13375,817.867525,5583.3946475,534.0615490655375
2026-09-26 22:00:00+00:00,3919.45999,13006.0834075,6664.51784,19.00702,338.039525,295.3868325,198.0278,71.451,0.1065,785.819075,6266.9384900000005,538.6787841018846
2026-09-26 23:00:00+00:00,3882.817265,12394.042035,6120.4434575,19.00702,118.473125,295.3083325,197.97155,71.451,0.077,788.058525,7270.51385,519.450941055891
2026-09-27 00:00:00+00:00,3856.67389,12029.9538325,5212.4816375,19.00702,65.057825,295.3066675,197.9443,71.451,0.05925,785.44535,8582.39187,495.4826282329556
2026-09-27 01:00:00+00:00,3833.911215,11768.0876925,3853.47731,19.00702,52.017,295.27499750000004,196.9758,71.451,0.0635,776.558225,10051.97545,469.54769163591953
2026-09-27 02:00:00+00:00,3849.681215,11453.807945,2970.2977425,19.00702,38.126025,295.2083325,186.8328,71.451,0.0645,781.54045,12102.700225,435.2568154835937
2026-09-27 03:00:00+00:00,3933.024715,11396.623075,3071.12165,19.00702,26.5177,297.13839,186.7753,71.451,0.04825,776.20685,14499.62347,404.5663061821551
2026-09-27 04:00:00+00:00,4131.615040000001,11383.7102675,3007.733225,19.00702,28.4753,384.1580825,186.7398,71.451,0.2935,777.41625,17271.536475,375.05223270579785
2026-09-27 05:00:00+00:00,4319.039765,10860.17814,3217.4797175,19.00702,32.482975,415.6657825,179.59105,71.451,1394.05275,775.781375,19458.9276175,337.6800619915901
2026-09-27 06:00:00+00:00,4347.51919,9117.34487,2838.461165,19.00702,114.600075,416.00575,158.7363,71.451,10623.1925,773.6946499999999,18150.3442575,265.95718224113045
2026-09-27 07:00:00+00:00,4237.1469400000005,6196.73632,2122.541595,19.00702,116.763125,302.5124725,158.6653,71.451,24991.581,770.705175,16234.3418775,179.72070209261474
2026-09-27 08:00:00+00:00,4068.65839,4723.0554325,1747.2060575,19.00702,142.5626,295.4941675,158.67755,71.451,37388.36075,774.104825,13270.2731925,142.0150259056414
2026-09-27 09:00:00+00:00,3942.25064,4526.8204975,1584.21171,19.00702,144.8592,295.879165,158.7163,71.451,42812.37275,768.607525,9812.144495,137.43284473028018
2026-09-27 10:00:00+00:00,3829.87329,4531.444115,1601.5545725,19.00702,261.692675,295.736665,158.72355,71.451,44535.11475,771.673825,7895.0100425,138.54860565533235
2026-09-27 11:00:00+00:00,3782.962315,4856.309085,1650.107825,19.00702,237.0812,295.4066675,158.7653,71.451,44033.4265,770.639125,7320.1077225,144.5968069555139
2026-09-27 12:00:00+00:00,3790.40824,4936.682625,1838.3836825,19.00702,266.9243,295.27833250000003,158.7553,71.451,41093.9125,771.0980999999999,8364.0619475,149.0823095034825
2026-09-27 13:00:00+00:00,3825.917265,4926.921237500001,1915.3560075,19.00702,187.1426,296.08,158.7163,71.451,36558.5495,774.585275,12658.802315,147.6806141002384
2026-09-27 14:00:00+00:00,3975.29324,5668.7105200000005,2134.0759925,19.00702,191.274925,296.258335,158.71205,71.451,27129.177,776.710725,17131.8729625,165.11290598115824
2026-09-27 15:00:00+00:00,4223.29654,7929.8805,3071.817645,19.00702,432.408425,320.8246525,158.7018,71.451,13846.548,776.7931,19413.01008,228.95473777959003
2026-09-27 16:00:00+00:00,4433.572965,10624.784505,4474.2951475,19.00702,734.4446250000001,400.663115,158.73205,71.451,2582.38775,817.04555,21714.1490175,310.6219275743795
2026-09-27 17:00:00+00:00,4458.51264,10716.65636,5320.27018,19.00702,1544.48725,403.9542175,158.6778,71.451,17.1825,809.36415,25358.053245,301.5890888935531
2026-09-27 18:00:00+00:00,4400.991565,11259.2082525,5710.07997,19.00702,2310.40595,407.5719925,158.73755,71.451,0.27,805.2274,26205.1720275,300.5623778587923
2026-09-27 19:00:00+00:00,4294.3128400000005,11336.6484075,5605.602295000001,19.00702,947.144075,391.7388325,158.72155,71.451,0.18425,807.156425,25465.8556925,313.1473636627486
2026-09-27 20:00:00+00:00,4151.482715,11326.359945,5403.6670025,19.00702,781.196725,412.291175,158.69755,71.451,0.14225,813.621975,23312.04825,327.86223410843667
2026-09-27 21:00:00+00:00,4035.59199,11232.9616275,5415.618305,19.00702,167.6283,413.350805,158.7873,71.451,0.121,830.59575,21316.1773375,345.93255076274295
2026-09-27 22:00:00+00:00,3888.580315,11138.935775,5210.2905,19.00702,117.514475,383.8733575,158.8023,71.451,0.09625,839.2634,19662.1645775,357.88073541201175
2026-09-27 23:00:00+00:00,3839.07599,11210.395715,4991.25729,19.00702,49.76395,383.3266175,158.75905,71.451,0.07625,837.2311500000001,16978.3284775,383.0076729221128
2026-09-28 00:00:00+00:00,3817.153265,11282.3305775,4975.0379175,19.00702,71.4894,296.6629825,158.8198,71.451,0.062,838.064975,15478.54097,397.86311494206836
2026-09-28 01:00:00+00:00,3830.953265,11615.48191,4745.8718850000005,19.00702,57.8331,294.5676625,158.7938,71.451,0.05775,838.8894,14154.177175,416.3277701660646
2026-09-28 02:00:00+00:00,3855.36309,12031.0207425,5060.2069525,19.00702,125.6248,294.4706675,159.6338,71.451,0.0535,837.001575,13061.230625,434.21056031302385
2026-09-28 03:00:00+00:00,3920.46544,13231.87722,6191.7551025,19.00702,203.7116,294.534,182.7758,71.451,0.06,818.483775,12131.4095525,460.2009352749043
2026-09-28 04:00:00+00:00,4054.59674,14030.5849875,7820.129355,19.00702,2264.1469,294.805665,206.5678,71.451,0.50875,812.189175,11653.00334,452.5096632178743
2026-09-28 05:00:00+00:00,4123.883465,13926.0565325,8050.54244,19.00702,4911.57205,294.504,187.0523,71.451,1353.3895,807.9273,11197.46979,418.2228646067636
2026-09-28 06:00:00+00:00,4128.87234,13289.027665,8132.993142499999,19.00702,4401.731725000001,379.652125,185.5173,71.451,9581.6265,810.417925,9551.3086,369.46982133883944
2026-09-28 07:00:00+00:00,4029.460465,12649.0098725,7953.9854525,19.00702,1950.730225,384.3206825,162.8943,69.953,21994.47775,788.160975,6797.86972,324.52464729209765
2026-09-28 08:00:00+00:00,3875.401865,12253.15018,6794.9146,19.00702,96.761925,384.2331175,159.4948,67.76374999999999,32795.147,584.953375,3663.0830875,291.5566658195477
2026-09-28 09:00:00+00:00,3751.29949,11879.4525575,5390.4604475,19.00702,55.3252,406.6665675,159.50555,71.451,40003.9545,784.71135,2958.36632,262.01769872190306
2026-09-28 10:00:00+00:00,3662.980815,11729.0478375,5039.5484875,19.00702,16.70965,296.603885,160.29205,71.451,42975.339,790.091925,2667.7850925,250.21499856179622
2026-09-28 11:00:00+00:00,3650.21774,11994.8292825,5215.342315,19.00702,19.96765,294.567335,159.26479999999998,71.451,42371.24225,800.495475,2408.7893025000003,256.26844947931727
2026-09-28 12:00:00+00:00,3636.788265,11793.39386,5252.358955,19.00702,157.30355,295.019,159.4333,71.451,38132.50325,800.320175,1981.0809525,269.88095691917675
2026-09-28 13:00:00+00:00,3685.378815,12095.30808,5493.8819325,19.00702,138.669125,294.852335,159.79455,71.451,30628.40275,800.8643,2044.5784775,304.4721960247303
2026-09-28 14:00:00+00:00,3806.36124,13545.9297025,6757.945175,19.00702,769.25655,295.0056675,184.48105,71.451,21354.5715,805.4570249999999,2241.342315,370.0375563655016
2026-09-28 15:00:00+00:00,4015.09124,14821.29361,8069.3700025,19.00702,4276.0801,295.297335,209.81005,71.451,9746.374,839.9772,2476.2123375,443.64905624769557
2026-09-28 16:00:00+00:00,4217.574265,15293.143105,8930.82659,19.00702,6130.40435,297.6443775,211.8683,71.451,1644.05025,846.0488,3139.4526725,501.99652174296756
2026-09-28 17:00:00+00:00,4277.27074,15446.37075,9259.36782,19.00702,6291.732075,446.58845,211.9223,71.451,7.1785,856.5469,4169.8528175,508.3373086088113
2026-09-28 18:00:00+00:00,4217.142165,15476.76869,8791.320702500001,19.00702,5837.12205,450.095825,211.86855,71.451,0.2405,851.349375,6386.243225,488.4250090805424
2026-09-28 19:00:00+00:00,4109.875765,15283.8310325,8354.03497,19.00702,3492.420225,298.54045,211.9528,71.451,0.16325,851.613975,8462.28471,488.23712351589234
2026-09-28 20:00:00+00:00,3976.88714,15113.482025,8007.4508475,19.00702,1287.83695,294.8040025,211.8023,71.451,0.134,855.100625,9427.3387475,501.64876441580793
2026-09-28 21:00:00+00:00,3875.831515,14576.0166375,7643.4874425,19.00702,278.311075,294.53755,197.8448,71.451,0.114,856.330675,9798.7901125,504.7889968823708
2026-09-28 22:00:00+00:00,3788.04829,14085.4565075,7906.6807975,19.00702,107.920025,294.570665,196.2758,71.451,0.07225,852.864825,9859.977695,501.47416605239914
2026-09-28 23:00:00+00:00,3745.66289,13932.0561,7211.22464,19.00702,61.284575,294.540665,181.3393,71.451,0.0635,854.25205,10418.31496,493.5231248340901
2026-09-29 00:00:00+00:00,3711.026215,13659.7178075,6951.4114075,19.00702,26.818025,294.469,174.7008,71.451,0.0625,857.5476249999999,10699.0260675,487.5288000749257
2026-09-29 01:00:00+00:00,3703.90644,13539.7625975,6894.7956575,19.00702,27.162325,294.570665,172.47005,71.451,0.06225,859.275825,10716.03424,486.0051655898995
2026-09-29 02:00:00+00:00,3726.133215,13769.2030675,6923.81506,19.00702,17.379250000000003,294.574,171.38755,71.451,0.052,855.64665,11200.353605,482.2905574935242
2026-09-29 03:00:00+00:00,3806.03149,14047.05124,7386.89343,19.00702,31.635375,294.64233,200.11655,71.451,0.0515,835.2818500000001,11404.40225,481.98901402867665
2026-09-29 04:00:00+00:00,3998.36789,14376.6733125,8036.402379999999,19.00702,2169.782575,294.767335,207.8333,71.451,0.75075,827.97995,12369.53049,450.3047768270578
2026-09-29 05:00:00+00:00,4105.85874,14372.97051,8323.4274625,19.00702,3630.060575,294.4723325,207.20405,71.451,1171.9765,828.282075,13959.942795,411.7845598268635
2026-09-29 06:00:00+00:00,4095.064265,14442.640385,8134.348870000001,19.00702,1478.946425,294.9665,185.1913,71.451,9441.369,824.353775,15118.8076,362.8878518718687
2026-09-29 07:00:00+00:00,4009.833065,12929.587095,6066.737875000001,19.00702,68.68507500000001,294.6723325,177.2958,71.451,22458.8365,818.7919999999999,14148.691385,291.0429908053088
2026-09-29 08:00:00+00:00,3854.521865,11188.57741,3464.4160125,19.00702,32.82407500000001,294.82483,158.2243,71.451,32954.43675,820.7703750000001,11544.0282925,238.02766581829786
2026-09-29 09:00:00+00:00,3730.305415,10108.1921175,2836.8057975,19.00702,15.50485,294.6723325,158.21805,71.451,40289.067500000005,781.0441000000001,10623.4411675,207.53484051878615
2026-09-29 10:00:00+00:00,3639.48764,9152.2880675,2609.7795750000005,19.00702,82.49275,294.502335,158.2913,71.451,42561.8575,781.5563,11659.9153725,189.04654725673362
2026-09-29 11:00:00+00:00,3611.23754,9414.518125,2500.4311425,19.00702,99.608125,294.5723325,158.39555,71.451,40658.7435,785.9946500000001,12128.6293,193.9712183408393
2026-09-29 12:00:00+00:00,3622.894765,10143.11131,2705.003005,19.00702,100.6353,294.5673325,158.23579999999998,71.451,36127.403000000006,786.9284,12595.78974,211.46289549802495
2026-09-29 13:00:00+00:00,3674.70169,10987.054115,3078.9598375,19.00702,106.222375,294.809,157.7363,71.451,30125.4615,785.810925,14196.49886,232.92226519596306
2026-09-29 14:00:00+00:00,3817.94694,12894.9892775,4502.1495375,19.00702,309.82355,294.6706675,158.60255,71.451,20989.43875,784.7031,15554.6165525,283.60666097367107
2026-09-29 15:00:00+00:00,4082.20169,14126.8595375,5794.5224975,19.00702,2460.0031750000003,294.904,158.59305,71.451,9650.553,824.141725,17388.3289675,332.51769391356777
2026-09-29 16:00:00+00:00,4276.26604,14471.9363775,6293.4047825,19.00702,4605.381125,294.537335,159.43955,71.451,1670.222,835.1179,19808.824365,353.75425910278165
2026-09-29 17:00:00+00:00,4320.47594,13847.5941375,6585.991545000001,19.00702,2893.49505,294.4373325,182.64555,71.451,8.2145,844.0686,24976.300535,335.39558694589886
2026-09-29 18:00:00+00:00,4233.682115,12730.5481575,6026.7829525,19.00702,1249.79145,294.685665,160.50705,71.451,0.23725,846.887175,29435.9831325,305.5742809457859
2026-09-29 19:00:00+00:00,4133.22114,12526.0393175,5438.8349125,19.00702,191.46895,294.5723325,158.51055,71.451,0.166,844.102575,30776.6395775,299.67209439477796
2026-09-29 20:00:00+00:00,3982.673065,12269.8970475,4799.4104675,19.00702,83.29675,294.672335,157.75005000000002,71.451,0.13525,807.5398250000001,30373.7009275,297.0069935983891
2026-09-29 21:00:00+00:00,3862.16104,12491.9242525,4175.66074,19.00702,98.396125,294.539,157.43755000000002,71.451,0.10625,808.457125,29816.324565,300.42999004194616
2026-09-29 22:00:00+00:00,3775.754165,12749.9393625,4135.0211525,19.00702,214.55105,296.192415,157.4113,71.451,0.0895,811.9726499999999,28480.20102,310.5003598001417
2026-09-29 23:00:00+00:00,3720.93874,12794.5291025,4230.1683175,19.00702,185.900775,296.045,157.4513,71.451,0.0827499999999999,815.0681500000001,26622.17634,323.05780965147795
2026-09-30 00:00:00+00:00,3683.817915,12656.8432525,4125.9791075,19.00702,169.4726,296.0133325,157.4553,71.451,0.06875,815.274325,25998.472255,325.2721739322937
2026-09-30 01:00:00+00:00,3664.13129,12419.57151,4083.2815275,19.00702,163.931125,295.945,158.49805,71.451,0.068,812.39975,25586.88259,325.017935073925
2026-09-30 02:00:00+00:00,3683.36794,12333.8222475,4267.355582499999,19.00702,164.365425,296.0433325,160.32004999999998,71.451,0.058,811.4152,24705.6029625,330.5138753293921
2026-09-30 03:00:00+00:00,3752.532715,12496.0931,4432.24229,19.00702,188.206375,296.113335,170.66355,71.451,0.05225,817.143925,24509.9545175,334.19082914404004
2026-09-30 04:00:00+00:00,3935.50319,12967.8695175,4792.590855,19.00702,1971.604725,296.3799975,185.4328,58.71825,0.4942499999999999,812.886925,24588.43842,328.74060033592156
2026-09-30 05:00:00+00:00,4068.865165,12862.21974,4992.3038425,19.00702,3428.4776500000003,296.0133325,178.5633,50.71,1074.9855,800.34625,24080.6921675,316.49964560921364
2026-09-30 06:00:00+00:00,4101.94449,12289.3046175,5381.4601525,19.00702,3090.942275,296.224165,162.24155,50.71,8523.89525,800.795825,23233.85913,283.07384343397837
2026-09-30 07:00:00+00:00,4016.84294,12040.6869325,4530.5407325,19.00702,1059.378925,296.23,159.0328,50.71,20702.919,824.240325,20490.791625,252.88237375826856
2026-09-30 08:00:00+00:00,3855.54484,10714.58072,3518.64638,19.00702,259.890075,296.4908325,157.84405,50.71,32066.228000000003,792.309825,16256.9765775,219.48919825320283
2026-09-30 09:00:00+00:00,3732.62809,9821.0119975,3034.4292025,19.00702,92.999125,296.0116675,157.52955,50.71,40925.204,795.0547750000001,12859.492235,197.98433202053124
2026-09-30 10:00:00+00:00,3642.155565,8207.897295,2849.921085,19.00702,13.71745,296.2616675,157.52530000000002,50.71,45397.46725,784.241,13633.463965,171.17967735707984
2026-09-30 11:00:00+00:00,3615.91749,8171.17549,2814.3742275,19.00702,30.479875,296.07833500000004,157.5578,50.71,45428.39725,793.04405,12904.973475,172.21604468417698
2026-09-30 12:00:00+00:00,3608.261515,7966.913635,2724.8108700000003,19.00702,77.4813,393.77314,157.57855,50.71,41919.44725,796.08715,13380.3116725,175.7703884807809
2026-09-30 13:00:00+00:00,3657.07974,8772.9239875,2909.15488,19.00702,234.207525,726.1791075,157.5358,50.71,34848.51475,798.0827999999999,14913.2668325,198.350624017444
2026-09-30 14:00:00+00:00,3811.33179,12083.365455,3908.0223925,19.00702,189.53435,727.269315,159.4633,50.71,23730.88575,795.85655,15554.63067,267.35257119782386
2026-09-30 15:00:00+00:00,4103.550015,14584.835355,5976.9691425,19.00702,2849.979775,728.5913575,174.65555,50.71,10730.311,797.7603,14834.38847,348.7651924032933
2026-09-30 16:00:00+00:00,4347.47434,15089.3288625,6998.8462825,19.00702,5578.0896,727.4135650000001,197.61705,50.71,1576.836,845.3225,15619.2873175,388.9558838308289
2026-09-30 17:00:00+00:00,4412.90754,15520.90008,7210.4102725,19.00702,5528.689625,575.7095575,213.8618,50.71,2.5985,847.61825,19028.355115,378.4137685938032
2026-09-30 18:00:00+00:00,4352.533740000001,15219.2981425,7117.8692225,19.00702,3427.6795,296.293335,212.44605,50.71,0.23375,849.247325,21431.2322725,370.4027680542336
2026-09-30 19:00:00+00:00,4240.31659,14695.1019825,6702.298155,19.00702,1037.059625,296.3808325,186.1318,50.71,0.1714999999999999,851.3893,22015.1010125,376.4866414315341
2026-09-30 20:00:00+00:00,4125.629715,14248.9980875,6197.5535475,19.00702,353.4845,296.599165,163.22055,50.71,0.1385,851.9465,19946.24791,392.0715229607769
2026-09-30 21:00:00+00:00,4005.31119,13901.9488375,5939.4793575,19.00702,398.582525,296.445835,157.81155,50.71,0.1155,845.0561250000001,17849.3315975,405.7918324245974
2026-09-30 22:00:00+00:00,3908.22883,14276.1487275,5749.1291025,19.0,187.31815,116.3820825,178.2403,50.71,0.12425,802.536975,17730.1336275,410.81783897896156
2026-09-30 23:00:00+00:00,3876.98758,14375.82882,5300.55688,19.0,16.515725,115.819665,157.77355,50.71,0.11125,803.1034500000001,17582.6745075,414.1828736626529
2026-10-01 00:00:00+00:00,3846.196105,14553.441625,5054.0715150000005,19.0,47.7345,115.8163325,154.2088,50.71,0.098,804.0579,16704.1016075,424.23167326038765
2026-10-01 01:00:00+00:00,3850.778605,14729.66051,4752.48857,19.0,67.21532499999999,115.683,154.1648,50.71,0.097,805.8977,15979.7926725,433.00251418624595
2026-10-01 02:00:00+00:00,3868.34888,14766.11221,4921.948815,19.0,39.123475,115.7163325,154.2913,50.71,0.10025,807.881425,15793.663485,435.81716931055945
2026-10-01 03:00:00+00:00,3933.982305,14987.0198875,5914.251845,19.0,26.681325,115.953,175.09505,50.71,0.0995,769.30975,16072.86496,436.11746693696136
2026-10-01 04:00:00+00:00,4115.62708,15265.0495625,7541.167615,19.0,640.9981,115.9163325,160.6843,50.71,0.11725,831.9793500000001,16737.985345,428.89534497717915
2026-10-01 05:00:00+00:00,4269.792055,14912.00609,8237.4741175,19.0,2470.8206,115.749665,173.0128,50.71,913.648,835.636825,17042.097745,400.94462895875887
2026-10-01 06:00:00+00:00,4306.122855,14124.4911125,8380.86848,19.0,1387.2256,115.9163325,153.9453,50.71,6438.27075,835.8433749999999,15961.6646225,371.4960723589202
2026-10-01 07:00:00+00:00,4262.745355,13943.3917375,7795.5841475,19.0,195.627125,198.272175,173.95955,50.71,14271.88125,830.772325,13022.0251375,349.50176564931036
2026-10-01 08:00:00+00:00,4113.58688,12547.926945,6950.1948625,19.0,227.77755,231.1342325,147.59705,50.71,21031.7585,835.2517,10688.8231375,311.971917691961
2026-10-01 09:00:00+00:00,4020.520405,12478.566615,6027.347577500001,19.0,110.1662,231.5058475,133.23855,53.30275,25202.181,798.912875,8525.6285525,300.6799384517708
2026-10-01 10:00:00+00:00,3911.593205,12180.778145,5941.0631175,19.0,14.310725,230.68811,132.4883,50.71,27078.759,799.748925,8100.943649999999,291.84160802291564
2026-10-01 11:00:00+00:00,3864.117705,11898.4395725,5835.02446,19.0,28.879225,230.27446,132.42455,50.71,25395.96925,799.6496999999999,7283.9111925,299.95949406126493
2026-10-01 12:00:00+00:00,3861.416405,12271.519825,6095.97029,19.0,109.223625,229.46438,132.4873,50.71,21515.22125,795.5053,7273.599835,323.6629106695254
2026-10-01 13:00:00+00:00,3894.88633,12217.69767,6521.7822125,19.0,113.482075,116.9064175,132.42455,50.71,16428.22225,795.2889749999999,7910.259465,348.46843725907
2026-10-01 14:00:00+00:00,4039.659605,13519.598849999998,7794.67411,19.0,1146.3222500000002,115.8796675,135.1693,50.71,10030.47125,798.546425,8593.89513,397.3053213845451
2026-10-01 15:00:00+00:00,4313.20913,15273.154065,8219.10522,19.0,2342.1859,115.849665,141.8843,50.71,4236.148999999999,841.695475,9966.680285,440.4079001581071
2026-10-01 16:00:00+00:00,4455.676055,15622.8918,8423.102535,19.0,4320.61505,115.951335,145.4563,50.71,680.94325,847.950175,10485.375755,451.54773808821335
2026-10-01 17:00:00+00:00,4496.03943,15658.41083,8589.316485,19.0,6060.047925,115.8196675,153.21405,50.71,4.798500000000001,846.7501,10581.929542499998,440.8500573721424
2026-10-01 18:00:00+00:00,4440.486805,15629.1656775,9021.9264,19.0,4074.4777,116.0513325,153.7793,50.71,0.13375,848.71735,10672.0706425,458.86957333564817
2026-10-01 19:00:00+00:00,4303.78108,15619.9499325,9171.100945,19.0,2031.516575,116.0654975,154.0538,50.71,0.087,851.549975,10083.430285,486.82169804733434
2026-10-01 20:00:00+00:00,4180.423805,15476.15821,8976.4895225,19.0,1142.6249,116.043835,174.92605,50.71,0.06725,854.86405,9407.4465875,504.30078787787204
2026-10-01 21:00:00+00:00,4070.03938,15560.3543975,8759.573854999999,19.0,318.791375,115.968,177.87405,50.71,0.05975,854.620175,8691.81291,525.4108886008398
2026-10-01 22:00:00+00:00,3944.488815,15181.9816525,8521.1731075,19.0,66.6107,106.7830825,167.4503,50.71,0.00025,852.518525,8121.036235,534.0677167075379
2026-10-01 23:00:00+00:00,3923.321785,15145.027635,8506.9241425,19.0,20.3881,106.5739975,166.44830000000002,50.71,0.00025,854.451075,7485.7789175,543.7176991033251
2026-10-02 00:00:00+00:00,3888.90551,15153.9279375,8512.391135,19.0,152.521075,106.4723325,162.13655,50.71,0.00025,848.71305,6799.958629999999,552.3606607812002
2026-10-02 01:00:00+00:00,3880.68901,15436.7918125,8521.1717325,19.0,205.442625,106.505665,161.86079999999998,50.71,0.00025,844.40135,6269.53196,562.4506144711546
2026-10-02 02:00:00+00:00,3897.927785,15638.9170325,8625.790925,19.0,22.619325,106.5389975,168.12355000000002,50.71,0.00025,841.1793,5775.84124,574.5163953177232
2026-10-02 03:00:00+00:00,3961.66486,15697.1617625,8793.0501225,19.0,195.0125,106.8056675,177.65605,50.71,0.00025,830.809025,5185.707189999999,580.6960868214103
2026-10-02 04:00:00+00:00,4123.64876,15399.6383675,9481.940275,19.0,2140.8930250000003,106.709,208.4548,50.71,0.09575,822.8323250000001,4568.4252125,554.9310773147221
2026-10-02 05:00:00+00:00,4277.99501,15449.7797725,9682.378055,19.0,5817.749225,106.5073325,209.20955,50.71,290.28075,826.297525,3963.25655,510.3108900642749
2026-10-02 06:00:00+00:00,4318.969585,15595.6085875,9587.4104075,19.0,4740.212,106.962905,209.1973,50.71,3394.7795,830.111225,3337.3524975,497.05878396447963
2026-10-02 07:00:00+00:00,4248.62806,15425.783885,9321.8949525,19.0,1909.153075,106.919,209.23905,50.71,9574.256,834.9929,2783.400435,469.3905244196779
2026-10-02 08:00:00+00:00,4101.63936,15579.77199,8080.827795,19.0,326.646575,106.7356675,209.29355,50.71,16505.785,829.0298,2205.89933,429.8440644137809
2026-10-02 09:00:00+00:00,3986.31026,15327.096645,6594.6533625,19.0,146.7069,106.6023325,207.6468,50.71,22986.2785,805.465575,2053.87588,381.00226236643414
2026-10-02 10:00:00+00:00,3883.10781,14493.24602,5066.3170525000005,19.0,16.29145,106.540665,192.0208,50.71,27360.223250000003,804.215125,2130.9807,343.35122274313267
2026-10-02 11:00:00+00:00,3862.09226,13874.06818,4717.18154,19.0,11.6229,106.510665,185.2498,50.71,28476.55725,794.9547,1967.2682775,330.832931941557
2026-10-02 12:00:00+00:00,3857.46106,13845.731475,4839.06969,19.0,144.8837,106.7040025,201.1208,50.71,26530.66675,790.477625,1913.8444775,341.08563708066356
2026-10-02 13:00:00+00:00,3886.619635,14411.47671,5824.4473425,19.0,64.9999,106.8890025,197.40255,50.71,22000.262,797.558,1943.338755,378.0040786012554
2026-10-02 14:00:00+00:00,3996.32251,15371.66164,8119.3471525,19.0,294.436325,178.466,209.15155,50.71,15542.18275,825.94985,1753.3336375,441.21034654833466
2026-10-02 15:00:00+00:00,4208.810835,15788.0515825,10005.574155,19.0,2679.383375,145.6433325,209.1093,50.71,7636.14325,843.1749500000001,1468.72036,499.11089864556163
2026-10-02 16:00:00+00:00,4405.13901,16008.085905,10634.622965,19.0,6047.369525,122.36325,209.0888,50.71,1302.39225,849.8444,1474.68236,530.6630951802956
2026-10-02 17:00:00+00:00,4455.850085,15972.3935,11020.813175,19.0,6464.729625,106.4723325,209.0208,50.71,3.241,849.368825,1636.8284225,537.6750311166963
2026-10-02 18:00:00+00:00,4399.319835,15991.5031625,10970.64043,19.0,5612.292875,106.9389975,209.04455,50.71,0.001,850.88335,2149.032425,542.5587605359257
2026-10-02 19:00:00+00:00,4295.517385,15924.96198,10336.155275,19.0,3514.5044,106.807335,209.0783,50.71,0.0005,853.014475,2531.102785,567.0683131886218
2026-10-02 20:00:00+00:00,4190.64156,15706.1204375,9638.7701375,19.0,966.92245,106.9265,209.1578,50.71,0.0005,853.10645,2842.6745025,602.5341108134951
2026-10-02 21:00:00+00:00,4074.884235,15299.9469375,9408.9159625,19.0,104.62135,106.689,209.1293,50.71,0.00075,852.075825,2977.5763425000005,613.6168763589864
2026-10-02 22:00:00+00:00,3949.77901,14725.657575,8669.0001325,19.0,249.6416,111.48325,209.1293,50.71,0.00025,846.6788,3098.0881275,607.8667409505784
2026-10-02 23:00:00+00:00,3918.382485,14720.371385,8538.9877275,19.0,157.07444999999998,111.1293325,207.90805,50.71,0.001,851.342525,3146.389315,609.5149987100449
2026-10-03 00:00:00+00:00,3905.41671,14697.17942,8443.6548775,19.0,151.15814999999998,111.196,195.12255,50.71,0.00075,854.98735,3272.48165,607.627852581166
2026-10-03 01:00:00+00:00,3900.757685,14219.1112925,8380.043975,19.0,158.7551,111.1626675,192.7313,50.71,0.00025,854.983675,3342.8936325,601.9697683709406
2026-10-03 02:00:00+00:00,3934.68216,14258.6127025,8489.5294975,19.0,139.96205,111.1643325,209.0143,50.71,0.00125,851.79535,3558.38528,597.7839938365867
2026-10-03 03:00:00+00:00,4011.633535,14585.8497875,8552.7953125,19.0,111.81795,111.0926675,209.02505,50.71,0.0005,839.084175,3616.7305125,599.0867551592466
