,biomass_MW,coal_MW,gas_MW,geothermal_MW,hydro_MW,oil_MW,other_MW,other_renewable_MW,solar_MW,waste_MW,wind_MW,carbon_intensity_gCO2_kWh,target_1h,target_2h,target_3h,target_4h,target_5h,target_6h,target_7h,target_8h,target_9h,target_10h,target_11h,target_12h,target_13h,target_14h,target_15h,target_16h,target_17h,target_18h,target_19h,target_20h,target_21h,target_22h,target_23h,target_24h,hour,day_of_week,month,hour_sin,hour_cos,week_sin,week_cos,month_sin,month_cos,is_weekend,lag_0h,lag_1h,lag_24h,lag_168h,rolling_mean_24h,rolling_std_24h
2026-09-27 05:00:00+00:00,4319.039765,10860.17814,3217.4797175,19.00702,32.482975,415.6657825,179.59105,71.451,1394.05275,775.781375,19458.9276175,337.6800619915901,265.95718224113045,179.72070209261474,142.0150259056414,137.43284473028018,138.54860565533235,144.5968069555139,149.0823095034825,147.6806141002384,165.11290598115824,228.95473777959003,310.6219275743795,301.5890888935531,300.5623778587923,313.1473636627486,327.86223410843667,345.9325507627429,357.88073541201175,383.0076729221128,397.8631149420684,416.3277701660646,434.2105603130239,460.2009352749043,452.5096632178743,418.2228646067636,5,6,9,0.9659258262890683,0.25881904510252074,-0.7818314824680299,0.6234898018587334,-1.0,-1.8369701987210297e-16,1,337.6800619915901,375.05223270579785,499.49044586828256,156.762497201871,389.83737216214087,140.2929706566016
2026-09-27 06:00:00+00:00,4347.51919,9117.34487,2838.461165,19.00702,114.600075,416.00575,158.7363,71.451,10623.1925,773.6946499999999,18150.3442575,265.95718224113045,179.72070209261474,142.0150259056414,137.43284473028018,138.54860565533235,144.5968069555139,149.0823095034825,147.6806141002384,165.11290598115824,228.95473777959003,310.6219275743795,301.5890888935531,300.5623778587923,313.1473636627486,327.86223410843667,345.9325507627429,357.88073541201175,383.0076729221128,397.8631149420684,416.3277701660646,434.2105603130239,460.2009352749043,452.5096632178743,418.2228646067636,369.4698213388394,6,6,9,1.0,6.123233995736766e-17,-0.7818314824680299,0.6234898018587334,-1.0,-1.8369701987210297e-16,1,265.95718224113045,337.6800619915901,388.16213001212816,142.56320468844154,383.09527283394544,138.6729577585548
2026-09-27 07:00:00+00:00,4237.1469400000005,6196.73632,2122.541595,19.00702,116.763125,302.5124725,158.6653,71.451,24991.581,770.705175,16234.3418775,179.72070209261474,142.0150259056414,137.43284473028018,138.54860565533235,144.5968069555139,149.0823095034825,147.6806141002384,165.11290598115824,228.95473777959003,310.6219275743795,301.5890888935531,300.5623778587923,313.1473636627486,327.86223410843667,345.9325507627429,357.88073541201175,383.0076729221128,397.8631149420684,416.3277701660646,434.2105603130239,460.2009352749043,452.5096632178743,418.2228646067636,369.4698213388394,324.52464729209765,7,6,9,0.9659258262890683,-0.25881904510252063,-0.7818314824680299,0.6234898018587334,-1.0,-1.8369701987210297e-16,1,179.72070209261474,265.95718224113045,286.9899828312892,127.8558366105237,378.0034000101538,140.70749170194458
2026-09-27 08:00:00+00:00,4068.65839,4723.0554325,1747.2060575,19.00702,142.5626,295.4941675,158.67755,71.451,37388.36075,774.104825,13270.2731925,142.0150259056414,137.43284473028018,138.54860565533235,144.5968069555139,149.0823095034825,147.6806141002384,165.11290598115824,228.95473777959003,310.6219275743795,301.5890888935531,300.5623778587923,313.1473636627486,327.86223410843667,345.9325507627429,357.88073541201175,383.0076729221128,397.8631149420684,416.3277701660646,434.2105603130239,460.2009352749043,452.5096632178743,418.2228646067636,369.4698213388394,324.52464729209765,291.5566658195477,8,6,9,0.8660254037844387,-0.4999999999999998,-0.7818314824680299,0.6234898018587334,-1.0,-1.8369701987210297e-16,1,142.0150259056414,179.72070209261474,224.76296821985756,111.93502235797624,373.5338466460424,145.3512835522374
2026-09-27 09:00:00+00:00,3942.25064,4526.8204975,1584.21171,19.00702,144.8592,295.879165,158.7163,71.451,42812.37275,768.607525,9812.144495,137.43284473028018,138.54860565533235,144.5968069555139,149.0823095034825,147.6806141002384,165.11290598115824,228.95473777959003,310.6219275743795,301.5890888935531,300.5623778587923,313.1473636627486,327.86223410843667,345.9325507627429,357.88073541201175,383.0076729221128,397.8631149420684,416.3277701660646,434.2105603130239,460.2009352749043,452.5096632178743,418.2228646067636,369.4698213388394,324.52464729209765,291.5566658195477,262.01769872190306,9,6,9,0.7071067811865476,-0.7071067811865475,-0.7818314824680299,0.6234898018587334,-1.0,-1.8369701987210297e-16,1,137.43284473028018,142.0150259056414,175.71953182496785,106.5634370560726,370.0860157162834,149.94256707311658
2026-09-27 10:00:00+00:00,3829.87329,4531.444115,1601.5545725,19.00702,261.692675,295.736665,158.72355,71.451,44535.11475,771.673825,7895.0100425,138.54860565533235,144.5968069555139,149.0823095034825,147.6806141002384,165.11290598115824,228.95473777959003,310.6219275743795,301.5890888935531,300.5623778587923,313.1473636627486,327.86223410843667,345.9325507627429,357.88073541201175,383.0076729221128,397.8631149420684,416.3277701660646,434.2105603130239,460.2009352749043,452.5096632178743,418.2228646067636,369.4698213388394,324.52464729209765,291.5566658195477,262.01769872190306,250.21499856179625,10,6,9,0.49999999999999994,-0.8660254037844387,-0.7818314824680299,0.6234898018587334,-1.0,-1.8369701987210297e-16,1,138.54860565533235,137.43284473028018,163.35288896144706,104.45499573912788,368.490737087338,152.2857552284982
2026-09-27 11:00:00+00:00,3782.962315,4856.309085,1650.107825,19.00702,237.0812,295.4066675,158.7653,71.451,44033.4265,770.639125,7320.1077225,144.5968069555139,149.0823095034825,147.6806141002384,165.11290598115824,228.95473777959003,310.6219275743795,301.5890888935531,300.5623778587923,313.1473636627486,327.86223410843667,345.9325507627429,357.88073541201175,383.0076729221128,397.8631149420684,416.3277701660646,434.2105603130239,460.2009352749043,452.5096632178743,418.2228646067636,369.4698213388394,324.52464729209765,291.5566658195477,262.01769872190306,250.21499856179625,256.26844947931727,11,6,9,0.258819045102521,-0.9659258262890682,-0.7818314824680299,0.6234898018587334,-1.0,-1.8369701987210297e-16,1,144.5968069555139,138.54860565533235,164.66040009156228,107.55031973107724,367.4572252829166,153.81497781439703
2026-09-27 12:00:00+00:00,3790.40824,4936.682625,1838.3836825,19.00702,266.9243,295.27833250000003,158.7553,71.451,41093.9125,771.0980999999999,8364.0619475,149.0823095034825,147.6806141002384,165.11290598115824,228.95473777959003,310.6219275743795,301.5890888935531,300.5623778587923,313.1473636627486,327.86223410843667,345.9325507627429,357.88073541201175,383.0076729221128,397.8631149420684,416.3277701660646,434.2105603130239,460.2009352749043,452.5096632178743,418.2228646067636,369.4698213388394,324.52464729209765,291.5566658195477,262.01769872190306,250.21499856179625,256.26844947931727,269.88095691917675,12,6,9,1.2246467991473532e-16,-1.0,-0.7818314824680299,0.6234898018587334,-1.0,-1.8369701987210297e-16,1,149.0823095034825,144.5968069555139,170.83962729687494,109.36375825148949,366.6212422355813,155.01494053192044
2026-09-27 13:00:00+00:00,3825.917265,4926.921237500001,1915.3560075,19.00702,187.1426,296.08,158.7163,71.451,36558.5495,774.585275,12658.802315,147.6806141002384,165.11290598115824,228.95473777959003,310.6219275743795,301.5890888935531,300.5623778587923,313.1473636627486,327.86223410843667,345.9325507627429,357.88073541201175,383.0076729221128,397.8631149420684,416.3277701660646,434.2105603130239,460.2009352749043,452.5096632178743,418.2228646067636,369.4698213388394,324.52464729209765,291.5566658195477,262.01769872190306,250.21499856179625,256.26844947931727,269.88095691917675,304.4721960247303,13,6,9,-0.2588190451025208,-0.9659258262890683,-0.7818314824680299,0.6234898018587334,-1.0,-1.8369701987210297e-16,1,147.6806141002384,149.0823095034825,201.1631769609415,112.39831099360096,365.7146873275232,156.26824115152849
2026-09-27 14:00:00+00:00,3975.29324,5668.7105200000005,2134.0759925,19.00702,191.274925,296.258335,158.71205,71.451,27129.177,776.710725,17131.8729625,165.11290598115824,228.95473777959003,310.6219275743795,301.5890888935531,300.5623778587923,313.1473636627486,327.86223410843667,345.9325507627429,357.88073541201175,383.0076729221128,397.8631149420684,416.3277701660646,434.2105603130239,460.2009352749043,452.5096632178743,418.2228646067636,369.4698213388394,324.52464729209765,291.5566658195477,262.01769872190306,250.21499856179625,256.26844947931727,269.88095691917675,304.4721960247303,370.0375563655016,14,6,9,-0.4999999999999997,-0.8660254037844388,-0.7818314824680299,0.6234898018587334,-1.0,-1.8369701987210297e-16,1,165.11290598115824,147.6806141002384,296.1763033555887,117.13027029187944,363.4862472083273,159.07299777214993
2026-09-27 15:00:00+00:00,4223.29654,7929.8805,3071.817645,19.00702,432.408425,320.8246525,158.7018,71.451,13846.548,776.7931,19413.01008,228.95473777959003,310.6219275743795,301.5890888935531,300.5623778587923,313.1473636627486,327.86223410843667,345.9325507627429,357.88073541201175,383.0076729221128,397.8631149420684,416.3277701660646,434.2105603130239,460.2009352749043,452.5096632178743,418.2228646067636,369.4698213388394,324.52464729209765,291.5566658195477,262.01769872190306,250.21499856179625,256.26844947931727,269.88095691917675,304.4721960247303,370.0375563655016,443.6490562476956,15,6,9,-0.7071067811865471,-0.7071067811865479,-0.7818314824680299,0.6234898018587334,-1.0,-1.8369701987210297e-16,1,228.95473777959003,165.11290598115824,424.9658195423763,136.9627861749901,358.025272317726,163.66756448880798
2026-09-27 16:00:00+00:00,4433.572965,10624.784505,4474.2951475,19.00702,734.4446250000001,400.663115,158.73205,71.451,2582.38775,817.04555,21714.1490175,310.6219275743795,301.5890888935531,300.5623778587923,313.1473636627486,327.86223410843667,345.9325507627429,357.88073541201175,383.0076729221128,397.8631149420684,416.3277701660646,434.2105603130239,460.2009352749043,452.5096632178743,418.2228646067636,369.4698213388394,324.52464729209765,291.5566658195477,262.01769872190306,250.21499856179625,256.26844947931727,269.88095691917675,304.4721960247303,370.0375563655016,443.6490562476956,501.9965217429676,16,6,9,-0.8660254037844384,-0.5000000000000004,-0.7818314824680299,0.6234898018587334,-1.0,-1.8369701987210297e-16,1,310.6219275743795,228.95473777959003,514.551182113519,169.43660516270555,349.8581439109432,165.06651711413218
2026-09-27 17:00:00+00:00,4458.51264,10716.65636,5320.27018,19.00702,1544.48725,403.9542175,158.6778,71.451,17.1825,809.36415,25358.053245,301.5890888935531,300.5623778587923,313.1473636627486,327.86223410843667,345.9325507627429,357.88073541201175,383.0076729221128,397.8631149420684,416.3277701660646,434.2105603130239,460.2009352749043,452.5096632178743,418.2228646067636,369.4698213388394,324.52464729209765,291.5566658195477,262.01769872190306,250.21499856179625,256.26844947931727,269.88095691917675,304.4721960247303,370.0375563655016,443.6490562476956,501.9965217429676,508.3373086088113,17,6,9,-0.9659258262890683,-0.25881904510252063,-0.7818314824680299,0.6234898018587334,-1.0,-1.8369701987210297e-16,1,301.5890888935531,310.6219275743795,518.3275388147978,178.0035701270727,341.36109163847914,161.42879073054266
2026-09-27 18:00:00+00:00,4400.991565,11259.2082525,5710.07997,19.00702,2310.40595,407.5719925,158.73755,71.451,0.27,805.2274,26205.1720275,300.5623778587923,313.1473636627486,327.86223410843667,345.9325507627429,357.88073541201175,383.0076729221128,397.8631149420684,416.3277701660646,434.2105603130239,460.2009352749043,452.5096632178743,418.2228646067636,369.4698213388394,324.52464729209765,291.5566658195477,262.01769872190306,250.21499856179625,256.26844947931727,269.88095691917675,304.4721960247303,370.0375563655016,443.6490562476956,501.9965217429676,508.3373086088113,488.4250090805424,18,6,9,-1.0,-1.8369701987210297e-16,-0.7818314824680299,0.6234898018587334,-1.0,-1.8369701987210297e-16,1,300.5623778587923,301.5890888935531,510.7062446985733,195.0853022688133,332.33032289176055,157.10287780291907
2026-09-27 19:00:00+00:00,4294.3128400000005,11336.6484075,5605.602295000001,19.00702,947.144075,391.7388325,158.72155,71.451,0.18425,807.156425,25465.8556925,313.1473636627486,327.86223410843667,345.9325507627429,357.88073541201175,383.0076729221128,397.8631149420684,416.3277701660646,434.2105603130239,460.2009352749043,452.5096632178743,418.2228646067636,369.4698213388394,324.52464729209765,291.5566658195477,262.01769872190306,250.21499856179625,256.26844947931727,269.88095691917675,304.4721960247303,370.0375563655016,443.6490562476956,501.9965217429676,508.3373086088113,488.4250090805424,488.23712351589234,19,6,9,-0.9659258262890684,0.2588190451025203,-0.7818314824680299,0.6234898018587334,-1.0,-1.8369701987210297e-16,1,313.1473636627486,300.5623778587923,519.257163228532,208.5412330944954,323.574328440103,152.51820151394955
2026-09-27 20:00:00+00:00,4151.482715,11326.359945,5403.6670025,19.00702,781.196725,412.291175,158.69755,71.451,0.14225,813.621975,23312.04825,327.86223410843667,345.9325507627429,357.88073541201175,383.0076729221128,397.8631149420684,416.3277701660646,434.2105603130239,460.2009352749043,452.5096632178743,418.2228646067636,369.4698213388394,324.52464729209765,291.5566658195477,262.01769872190306,250.21499856179625,256.26844947931727,269.88095691917675,304.4721960247303,370.0375563655016,443.6490562476956,501.9965217429676,508.3373086088113,488.4250090805424,488.23712351589234,501.64876441580793,20,6,9,-0.8660254037844386,0.5000000000000001,-0.7818314824680299,0.6234898018587334,-1.0,-1.8369701987210297e-16,1,327.86223410843667,313.1473636627486,524.8745796069085,221.50025918626596,314.98642012486204,146.71302051553815
2026-09-27 21:00:00+00:00,4035.59199,11232.9616275,5415.618305,19.00702,167.6283,413.350805,158.7873,71.451,0.121,830.59575,21316.1773375,345.9325507627429,357.88073541201175,383.0076729221128,397.8631149420684,416.3277701660646,434.2105603130239,460.2009352749043,452.5096632178743,418.2228646067636,369.4698213388394,324.52464729209765,291.5566658195477,262.01769872190306,250.21499856179625,256.26844947931727,269.88095691917675,304.4721960247303,370.0375563655016,443.6490562476956,501.9965217429676,508.3373086088113,488.4250090805424,488.23712351589234,501.64876441580793,504.7889968823708,21,6,9,-0.7071067811865477,0.7071067811865474,-0.7818314824680299,0.6234898018587334,-1.0,-1.8369701987210297e-16,1,345.9325507627429,327.86223410843667,534.0615490655375,227.3870585685705,306.777572395759,139.8079181828412
2026-09-27 22:00:00+00:00,3888.580315,11138.935775,5210.2905,19.00702,117.514475,383.8733575,158.8023,71.451,0.09625,839.2634,19662.1645775,357.88073541201175,383.0076729221128,397.8631149420684,416.3277701660646,434.2105603130239,460.2009352749043,452.5096632178743,418.2228646067636,369.4698213388394,324.52464729209765,291.5566658195477,262.01769872190306,250.21499856179625,256.26844947931727,269.88095691917675,304.4721960247303,370.0375563655016,443.6490562476956,501.9965217429676,508.3373086088113,488.4250090805424,488.23712351589234,501.64876441580793,504.7889968823708,501.3804707168154,22,6,9,-0.5000000000000004,0.8660254037844384,-0.7818314824680299,0.6234898018587334,-1.0,-1.8369701987210297e-16,1,357.88073541201175,345.9325507627429,538.6787841018846,221.43742046173543,298.9388641331426,131.54008475496823
2026-09-27 23:00:00+00:00,3839.07599,11210.395715,4991.25729,19.00702,49.76395,383.3266175,158.75905,71.451,0.07625,837.2311500000001,16978.3284775,383.0076729221128,397.8631149420684,416.3277701660646,434.2105603130239,460.2009352749043,452.5096632178743,418.2228646067636,369.4698213388394,324.52464729209765,291.5566658195477,262.01769872190306,250.21499856179625,256.26844947931727,269.88095691917675,304.4721960247303,370.0375563655016,443.6490562476956,501.9965217429676,508.3373086088113,488.4250090805424,488.23712351589234,501.64876441580793,504.7889968823708,501.3804707168154,493.1412527725776,23,6,9,-0.25881904510252157,0.9659258262890681,-0.7818314824680299,0.6234898018587334,-1.0,-1.8369701987210297e-16,1,383.0076729221128,357.88073541201175,519.450941055891,216.5320295150593,291.4056121043979,122.04795517498117
2026-09-28 00:00:00+00:00,3817.153265,11282.3305775,4975.0379175,19.00702,71.4894,296.6629825,158.8198,71.451,0.062,838.064975,15478.54097,397.8631149420684,416.3277701660646,434.2105603130239,460.2009352749043,452.5096632178743,418.2228646067636,369.4698213388394,324.52464729209765,291.5566658195477,262.01769872190306,250.21499856179625,256.26844947931727,269.88095691917675,304.4721960247303,370.0375563655016,443.6490562476956,501.9965217429676,508.3373086088113,488.4250090805424,488.23712351589234,501.64876441580793,504.7889968823708,501.3804707168154,493.1412527725776,487.0897861627791,0,0,9,0.0,1.0,0.0,1.0,-1.0,-1.8369701987210297e-16,0,397.8631149420684,383.0076729221128,495.4826282329556,218.85753742825207,285.7204759321571,113.86715071318443
2026-09-28 01:00:00+00:00,3830.953265,11615.48191,4745.8718850000005,19.00702,57.8331,294.5676625,158.7938,71.451,0.05775,838.8894,14154.177175,416.3277701660646,434.2105603130239,460.2009352749043,452.5096632178743,418.2228646067636,369.4698213388394,324.52464729209765,291.5566658195477,262.01769872190306,250.21499856179625,256.26844947931727,269.88095691917675,304.4721960247303,370.0375563655016,443.6490562476956,501.9965217429676,508.3373086088113,488.4250090805424,488.23712351589234,501.64876441580793,504.7889968823708,501.3804707168154,493.1412527725776,487.0897861627791,485.6107712467072,1,0,9,0.25881904510252074,0.9659258262890683,0.0,1.0,-1.0,-1.8369701987210297e-16,0,416.3277701660646,397.8631149420684,469.54769163591953,229.7041768939746,281.6529962117035,107.62060773666524
2026-09-28 02:00:00+00:00,3855.36309,12031.0207425,5060.2069525,19.00702,125.6248,294.4706675,159.6338,71.451,0.0535,837.001575,13061.230625,434.2105603130239,460.2009352749043,452.5096632178743,418.2228646067636,369.4698213388394,324.52464729209765,291.5566658195477,262.01769872190306,250.21499856179625,256.26844947931727,269.88095691917675,304.4721960247303,370.0375563655016,443.6490562476956,501.9965217429676,508.3373086088113,488.4250090805424,488.23712351589234,501.64876441580793,504.7889968823708,501.3804707168154,493.1412527725776,487.0897861627791,485.6107712467072,482.0143280181146,2,0,9,0.49999999999999994,0.8660254037844387,0.0,1.0,-1.0,-1.8369701987210297e-16,0,434.2105603130239,416.3277701660646,435.2568154835937,252.496828715288,279.4354994837929,104.07049303871561
2026-09-28 03:00:00+00:00,3920.46544,13231.87722,6191.7551025,19.00702,203.7116,294.534,182.7758,71.451,0.06,818.483775,12131.4095525,460.2009352749043,452.5096632178743,418.2228646067636,369.4698213388394,324.52464729209765,291.5566658195477,262.01769872190306,250.21499856179625,256.26844947931727,269.88095691917675,304.4721960247303,370.0375563655016,443.6490562476956,501.9965217429676,508.3373086088113,488.4250090805424,488.23712351589234,501.64876441580793,504.7889968823708,501.3804707168154,493.1412527725776,487.0897861627791,485.6107712467072,482.0143280181146,481.7020583781695,3,0,9,0.7071067811865475,0.7071067811865476,0.0,1.0,-1.0,-1.8369701987210297e-16,0,460.2009352749043,434.2105603130239,404.5663061821551,266.89102184337827,279.3919055183525,104.00258030134383
2026-09-28 04:00:00+00:00,4054.59674,14030.5849875,7820.129355,19.00702,2264.1469,294.805665,206.5678,71.451,0.50875,812.189175,11653.00334,452.5096632178743,418.2228646067636,369.4698213388394,324.52464729209765,291.5566658195477,262.01769872190306,250.21499856179625,256.26844947931727,269.88095691917675,304.4721960247303,370.0375563655016,443.6490562476956,501.9965217429676,508.3373086088113,488.4250090805424,488.23712351589234,501.64876441580793,504.7889968823708,501.3804707168154,493.1412527725776,487.0897861627791,485.6107712467072,482.0143280181146,481.7020583781695,450.0716215733789,4,0,9,0.8660254037844386,0.5000000000000001,0.0,1.0,-1.0,-1.8369701987210297e-16,0,452.5096632178743,460.2009352749043,375.05223270579785,250.35485753583143,281.7100150638837,107.4759127331538
2026-09-28 05:00:00+00:00,4123.883465,13926.0565325,8050.54244,19.00702,4911.57205,294.504,187.0523,71.451,1353.3895,807.9273,11197.46979,418.2228646067636,369.4698213388394,324.52464729209765,291.5566658195477,262.01769872190306,250.21499856179625,256.26844947931727,269.88095691917675,304.4721960247303,370.0375563655016,443.6490562476956,501.9965217429676,508.3373086088113,488.4250090805424,488.23712351589234,501.64876441580793,504.7889968823708,501.3804707168154,493.1412527725776,487.0897861627791,485.6107712467072,482.0143280181146,481.7020583781695,450.0716215733789,411.78387585396,5,0,9,0.9659258262890683,0.25881904510252074,0.0,1.0,-1.0,-1.8369701987210297e-16,0,418.2228646067636,452.5096632178743,337.6800619915901,256.8486365195517,284.9374080018869,111.48882113213226
2026-09-28 06:00:00+00:00,4128.87234,13289.027665,8132.993142499999,19.00702,4401.731725000001,379.652125,185.5173,71.451,9581.6265,810.417925,9551.3086,369.4698213388394,324.52464729209765,291.5566658195477,262.01769872190306,250.21499856179625,256.26844947931727,269.88095691917675,304.4721960247303,370.0375563655016,443.6490562476956,501.9965217429676,508.3373086088113,488.4250090805424,488.23712351589234,501.64876441580793,504.7889968823708,501.3804707168154,493.1412527725776,487.0897861627791,485.6107712467072,482.0143280181146,481.7020583781695,450.0716215733789,411.78387585396,363.6120326602662,6,0,9,1.0,6.123233995736766e-17,0.0,1.0,-1.0,-1.8369701987210297e-16,0,369.4698213388394,418.2228646067636,265.95718224113045,250.4803785299424,288.29335811085247,114.32169413093257
2026-09-28 07:00:00+00:00,4029.460465,12649.0098725,7953.9854525,19.00702,1950.730225,384.3206825,162.8943,69.953,21994.47775,788.160975,6797.86972,324.52464729209765,291.5566658195477,262.01769872190306,250.21499856179625,256.26844947931727,269.88095691917675,304.4721960247303,370.0375563655016,443.6490562476956,501.9965217429676,508.3373086088113,488.4250090805424,488.23712351589234,501.64876441580793,504.7889968823708,501.3804707168154,493.1412527725776,487.0897861627791,485.6107712467072,482.0143280181146,481.7020583781695,450.0716215733789,411.78387585396,363.6120326602662,292.7761746083882,7,0,9,0.9659258262890683,-0.25881904510252063,0.0,1.0,-1.0,-1.8369701987210297e-16,0,324.52464729209765,369.4698213388394,179.72070209261474,249.3322607914919,292.60638473992367,115.39000124098564
2026-09-28 08:00:00+00:00,3875.401865,12253.15018,6794.9146,19.00702,96.761925,384.2331175,159.4948,67.76374999999999,32795.147,584.953375,3663.0830875,291.5566658195477,262.01769872190306,250.21499856179625,256.26844947931727,269.88095691917675,304.4721960247303,370.0375563655016,443.6490562476956,501.9965217429676,508.3373086088113,488.4250090805424,488.23712351589234,501.64876441580793,504.7889968823708,501.3804707168154,493.1412527725776,487.0897861627791,485.6107712467072,482.0143280181146,481.7020583781695,450.0716215733789,411.78387585396,363.6120326602662,292.7761746083882,238.95260952734276,8,0,9,0.8660254037844387,-0.4999999999999998,0.0,1.0,-1.0,-1.8369701987210297e-16,0,291.5566658195477,324.52464729209765,142.0150259056414,215.08964725497,298.6398824565688,112.9916366185445
2026-09-28 09:00:00+00:00,3751.29949,11879.4525575,5390.4604475,19.00702,55.3252,406.6665675,159.50555,71.451,40003.9545,784.71135,2958.36632,262.01769872190306,250.21499856179625,256.26844947931727,269.88095691917675,304.4721960247303,370.0375563655016,443.6490562476956,501.9965217429676,508.3373086088113,488.4250090805424,488.23712351589234,501.64876441580793,504.7889968823708,501.3804707168154,493.1412527725776,487.0897861627791,485.6107712467072,482.0143280181146,481.7020583781695,450.0716215733789,411.78387585396,363.6120326602662,292.7761746083882,238.95260952734276,207.1159267371084,9,0,9,0.7071067811865476,-0.7071067811865475,0.0,1.0,-1.0,-1.8369701987210297e-16,0,262.01769872190306,291.5566658195477,137.43284473028018,187.69483756516485,304.8707841196482,107.99166146703485
2026-09-28 10:00:00+00:00,3662.980815,11729.0478375,5039.5484875,19.00702,16.70965,296.603885,160.29205,71.451,42975.339,790.091925,2667.7850925,250.21499856179625,256.26844947931727,269.88095691917675,304.4721960247303,370.0375563655016,443.6490562476956,501.9965217429676,508.3373086088113,488.4250090805424,488.23712351589234,501.64876441580793,504.7889968823708,501.3804707168154,493.1412527725776,487.0897861627791,485.6107712467072,482.0143280181146,481.7020583781695,450.0716215733789,411.78387585396,363.6120326602662,292.7761746083882,238.95260952734276,207.1159267371084,188.13890253371548,10,0,9,0.49999999999999994,-0.8660254037844387,0.0,1.0,-1.0,-1.8369701987210297e-16,0,250.21499856179625,262.01769872190306,138.54860565533235,168.21377671161628,310.0618197026325,102.44505945148538
2026-09-28 11:00:00+00:00,3650.21774,11994.8292825,5215.342315,19.00702,19.96765,294.567335,159.26479999999998,71.451,42371.24225,800.495475,2408.7893025000003,256.26844947931727,269.88095691917675,304.4721960247303,370.0375563655016,443.6490562476956,501.9965217429676,508.3373086088113,488.4250090805424,488.23712351589234,501.64876441580793,504.7889968823708,501.3804707168154,493.1412527725776,487.0897861627791,485.6107712467072,482.0143280181146,481.7020583781695,450.0716215733789,411.78387585396,363.6120326602662,292.7761746083882,238.95260952734276,207.1159267371084,188.13890253371548,193.61254157717292,11,0,9,0.258819045102521,-0.9659258262890682,0.0,1.0,-1.0,-1.8369701987210297e-16,0,256.26844947931727,250.21499856179625,144.5968069555139,160.14556928606368,314.7145860737352,96.6909187113322
2026-09-28 12:00:00+00:00,3636.788265,11793.39386,5252.358955,19.00702,157.30355,295.019,159.4333,71.451,38132.50325,800.320175,1981.0809525,269.88095691917675,304.4721960247303,370.0375563655016,443.6490562476956,501.9965217429676,508.3373086088113,488.4250090805424,488.23712351589234,501.64876441580793,504.7889968823708,501.3804707168154,493.1412527725776,487.0897861627791,485.6107712467072,482.0143280181146,481.7020583781695,450.0716215733789,411.78387585396,363.6120326602662,292.7761746083882,238.95260952734276,207.1159267371084,188.13890253371548,193.61254157717292,212.27889592648452,12,0,9,1.2246467991473532e-16,-1.0,0.0,1.0,-1.0,-1.8369701987210297e-16,0,269.88095691917675,256.26844947931727,149.0823095034825,162.0453994248724,319.3675711788936,90.64655731727898
2026-09-28 13:00:00+00:00,3685.378815,12095.30808,5493.8819325,19.00702,138.669125,294.852335,159.79455,71.451,30628.40275,800.8643,2044.5784775,304.4721960247303,370.0375563655016,443.6490562476956,501.9965217429676,508.3373086088113,488.4250090805424,488.23712351589234,501.64876441580793,504.7889968823708,501.3804707168154,493.1412527725776,487.0897861627791,485.6107712467072,482.0143280181146,481.7020583781695,450.0716215733789,411.78387585396,363.6120326602662,292.7761746083882,238.95260952734276,207.1159267371084,188.13890253371548,193.61254157717292,212.27889592648452,234.2215994535363,13,0,9,-0.2588190451025208,-0.9659258262890683,0.0,1.0,-1.0,-1.8369701987210297e-16,0,304.4721960247303,269.88095691917675,147.6806141002384,170.93850961654292,324.40084815454753,83.88143903262157
2026-09-28 14:00:00+00:00,3806.36124,13545.9297025,6757.945175,19.00702,769.25655,295.0056675,184.48105,71.451,21354.5715,805.4570249999999,2241.342315,370.0375563655016,443.6490562476956,501.9965217429676,508.3373086088113,488.4250090805424,488.23712351589234,501.64876441580793,504.7889968823708,501.3804707168154,493.1412527725776,487.0897861627791,485.6107712467072,482.0143280181146,481.7020583781695,450.0716215733789,411.78387585396,363.6120326602662,292.7761746083882,238.95260952734276,207.1159267371084,188.13890253371548,193.61254157717292,212.27889592648452,234.2215994535363,283.50084684999143,14,0,9,-0.4999999999999997,-0.8660254037844388,0.0,1.0,-1.0,-1.8369701987210297e-16,0,370.0375563655016,304.4721960247303,165.11290598115824,198.33173329928357,330.9338307347347,75.17313266120715
2026-09-28 15:00:00+00:00,4015.09124,14821.29361,8069.3700025,19.00702,4276.0801,295.297335,209.81005,71.451,9746.374,839.9772,2476.2123375,443.6490562476956,501.9965217429676,508.3373086088113,488.4250090805424,488.23712351589234,501.64876441580793,504.7889968823708,501.3804707168154,493.1412527725776,487.0897861627791,485.6107712467072,482.0143280181146,481.7020583781695,450.0716215733789,411.78387585396,363.6120326602662,292.7761746083882,238.95260952734276,207.1159267371084,188.13890253371548,193.61254157717292,212.27889592648452,234.2215994535363,283.50084684999143,332.2916122781489,15,0,9,-0.7071067811865471,-0.7071067811865479,0.0,1.0,-1.0,-1.8369701987210297e-16,0,443.6490562476956,370.0375563655016,228.95473777959003,259.36617107827846,339.4723578340824,66.67760353265471
2026-09-28 16:00:00+00:00,4217.574265,15293.143105,8930.82659,19.00702,6130.40435,297.6443775,211.8683,71.451,1644.05025,846.0488,3139.4526725,501.9965217429676,508.3373086088113,488.4250090805424,488.23712351589234,501.64876441580793,504.7889968823708,501.3804707168154,493.1412527725776,487.0897861627791,485.6107712467072,482.0143280181146,481.7020583781695,450.0716215733789,411.78387585396,363.6120326602662,292.7761746083882,238.95260952734276,207.1159267371084,188.13890253371548,193.61254157717292,212.27889592648452,234.2215994535363,283.50084684999143,332.2916122781489,354.10258239233474,16,0,9,-0.8660254037844384,-0.5000000000000004,0.0,1.0,-1.0,-1.8369701987210297e-16,0,501.9965217429676,443.6490562476956,310.6219275743795,318.25835080845127,348.4179544369201,65.5988587121183
2026-09-28 17:00:00+00:00,4277.27074,15446.37075,9259.36782,19.00702,6291.732075,446.58845,211.9223,71.451,7.1785,856.5469,4169.8528175,508.3373086088113,488.4250090805424,488.23712351589234,501.64876441580793,504.7889968823708,501.3804707168154,493.1412527725776,487.0897861627791,485.6107712467072,482.0143280181146,481.7020583781695,450.0716215733789,411.78387585396,363.6120326602662,292.7761746083882,238.95260952734276,207.1159267371084,188.13890253371548,193.61254157717292,212.27889592648452,234.2215994535363,283.50084684999143,332.2916122781489,354.10258239233474,335.4209113012148,17,0,9,-0.9659258262890683,-0.25881904510252063,0.0,1.0,-1.0,-1.8369701987210297e-16,0,508.3373086088113,501.9965217429676,301.5890888935531,342.1319886656921,356.3918958606112,72.11273268894547
2026-09-28 18:00:00+00:00,4217.142165,15476.76869,8791.320702500001,19.00702,5837.12205,450.095825,211.86855,71.451,0.2405,851.349375,6386.243225,488.4250090805424,488.23712351589234,501.64876441580793,504.7889968823708,501.3804707168154,493.1412527725776,487.0897861627791,485.6107712467072,482.0143280181146,481.7020583781695,450.0716215733789,411.78387585396,363.6120326602662,292.7761746083882,238.95260952734276,207.1159267371084,188.13890253371548,193.61254157717292,212.27889592648452,234.2215994535363,283.50084684999143,332.2916122781489,354.10258239233474,335.4209113012148,305.63251224658063,18,0,9,-1.0,-1.8369701987210297e-16,0.0,1.0,-1.0,-1.8369701987210297e-16,0,488.4250090805424,508.3373086088113,300.5623778587923,366.3776300837538,365.0064050154137,77.43403625786054
2026-09-28 19:00:00+00:00,4109.875765,15283.8310325,8354.03497,19.00702,3492.420225,298.54045,211.9528,71.451,0.16325,851.613975,8462.28471,488.23712351589234,501.64876441580793,504.7889968823708,501.3804707168154,493.1412527725776,487.0897861627791,485.6107712467072,482.0143280181146,481.7020583781695,450.0716215733789,411.78387585396,363.6120326602662,292.7761746083882,238.95260952734276,207.1159267371084,188.13890253371548,193.61254157717292,212.27889592648452,234.2215994535363,283.50084684999143,332.2916122781489,354.10258239233474,335.4209113012148,305.63251224658063,299.7211812269694,19,0,9,-0.9659258262890684,0.2588190451025203,0.0,1.0,-1.0,-1.8369701987210297e-16,0,488.23712351589234,488.4250090805424,313.1473636627486,403.90027014731766,372.8340146496532,80.08617456225865
2026-09-28 20:00:00+00:00,3976.88714,15113.482025,8007.4508475,19.00702,1287.83695,294.8040025,211.8023,71.451,0.134,855.100625,9427.3387475,501.64876441580793,504.7889968823708,501.3804707168154,493.1412527725776,487.0897861627791,485.6107712467072,482.0143280181146,481.7020583781695,450.0716215733789,411.78387585396,363.6120326602662,292.7761746083882,238.95260952734276,207.1159267371084,188.13890253371548,193.61254157717292,212.27889592648452,234.2215994535363,283.50084684999143,332.2916122781489,354.10258239233474,335.4209113012148,305.63251224658063,299.7211812269694,297.01083238739864,20,0,9,-0.8660254037844386,0.5000000000000001,0.0,1.0,-1.0,-1.8369701987210297e-16,0,501.64876441580793,488.23712351589234,327.86223410843667,428.164053925611,380.12942131020094,82.35536027487836
2026-09-28 21:00:00+00:00,3875.831515,14576.0166375,7643.4874425,19.00702,278.311075,294.53755,197.8448,71.451,0.114,856.330675,9798.7901125,504.7889968823708,501.3804707168154,493.1412527725776,487.0897861627791,485.6107712467072,482.0143280181146,481.7020583781695,450.0716215733789,411.78387585396,363.6120326602662,292.7761746083882,238.95260952734276,207.1159267371084,188.13890253371548,193.61254157717292,212.27889592648452,234.2215994535363,283.50084684999143,332.2916122781489,354.10258239233474,335.4209113012148,305.63251224658063,299.7211812269694,297.01083238739864,300.3330832384698,21,0,9,-0.7071067811865477,0.7071067811865474,0.0,1.0,-1.0,-1.8369701987210297e-16,0,504.7889968823708,501.64876441580793,345.9325507627429,451.4719577419526,387.37052673967474,85.15255075981634
2026-09-28 22:00:00+00:00,3779.40629,14085.4565075,7906.6740475,19.00702,107.920025,294.570665,196.2758,71.451,0.0,852.864825,9871.931945,501.3804707168154,493.1412527725776,487.0897861627791,485.6107712467072,482.0143280181146,481.7020583781695,450.0716215733789,411.78387585396,363.6120326602662,292.7761746083882,238.95260952734276,207.1159267371084,188.13890253371548,193.61254157717292,212.27889592648452,234.2215994535363,283.50084684999143,332.2916122781489,354.10258239233474,335.4209113012148,305.63251224658063,299.7211812269694,297.01083238739864,300.3330832384698,310.56612458981766,22,0,9,-0.5000000000000004,0.8660254037844384,0.0,1.0,-1.0,-1.8369701987210297e-16,0,501.3804707168154,504.7889968823708,357.88073541201175,472.3677729073236,393.9895453279926,87.92054867609235
2026-09-28 23:00:00+00:00,3766.83764,13932.0561,7211.21089,19.00702,61.284575,294.540665,181.3393,71.451,0.0005,854.25205,10435.95521,493.1412527725776,487.0897861627791,485.6107712467072,482.0143280181146,481.7020583781695,450.0716215733789,411.78387585396,363.6120326602662,292.7761746083882,238.95260952734276,207.1159267371084,188.13890253371548,193.61254157717292,212.27889592648452,234.2215994535363,283.50084684999143,332.2916122781489,354.10258239233474,335.4209113012148,305.63251224658063,299.7211812269694,297.01083238739864,300.3330832384698,310.56612458981766,323.09090053576864,23,0,9,-0.25881904510252157,0.9659258262890681,0.0,1.0,-1.0,-1.8369701987210297e-16,0,493.1412527725776,501.3804707168154,383.0076729221128,493.489400831792,399.96870096569273,90.20784784128097
2026-09-29 00:00:00+00:00,3740.096465,13659.7178075,6951.4026575,19.00702,26.818025,294.469,174.7008,71.451,0.00075,857.5476249999999,10717.0108175,487.0897861627791,485.6107712467072,482.0143280181146,481.7020583781695,450.0716215733789,411.78387585396,363.6120326602662,292.7761746083882,238.95260952734276,207.1159267371084,188.13890253371548,193.61254157717292,212.27889592648452,234.2215994535363,283.50084684999143,332.2916122781489,354.10258239233474,335.4209113012148,305.63251224658063,299.7211812269694,297.01083238739864,300.3330832384698,310.56612458981766,323.09090053576864,325.23418861469224,0,1,9,0.0,1.0,0.7818314824680298,0.6234898018587336,-1.0,-1.8369701987210297e-16,0,487.0897861627791,493.1412527725776,397.8631149420684,517.6152783350796,404.55760012612876,92.08916749905356
2026-09-29 01:00:00+00:00,3725.18594,13539.7625975,6894.7856575000005,19.00702,27.162325,294.570665,172.47005,71.451,0.0005,859.275825,10734.79449,485.6107712467072,482.0143280181146,481.7020583781695,450.0716215733789,411.78387585396,363.6120326602662,292.7761746083882,238.95260952734276,207.1159267371084,188.13890253371548,193.61254157717292,212.27889592648452,234.2215994535363,283.50084684999143,332.2916122781489,354.10258239233474,335.4209113012148,305.63251224658063,299.7211812269694,297.01083238739864,300.3330832384698,310.56612458981766,323.09090053576864,325.23418861469224,325.0537108270777,1,1,9,0.25881904510252074,0.9659258262890683,0.7818314824680298,0.6234898018587336,-1.0,-1.8369701987210297e-16,0,485.6107712467072,487.0897861627791,416.3277701660646,536.2970427647441,408.2753780936584,93.59593087892077
2026-09-29 02:00:00+00:00,3744.037215,13769.2030675,6923.62406,19.00702,17.379250000000003,294.574,171.38755,71.451,0.001,855.64665,11212.545855,482.0143280181146,481.7020583781695,450.0716215733789,411.78387585396,363.6120326602662,292.7761746083882,238.95260952734276,207.1159267371084,188.13890253371548,193.61254157717292,212.27889592648452,234.2215994535363,283.50084684999143,332.2916122781489,354.10258239233474,335.4209113012148,305.63251224658063,299.7211812269694,297.01083238739864,300.3330832384698,310.56612458981766,323.09090053576864,325.23418861469224,325.0537108270777,330.5460768352573,2,1,9,0.49999999999999994,0.8660254037844387,0.7818314824680298,0.6234898018587336,-1.0,-1.8369701987210297e-16,0,482.0143280181146,485.6107712467072,434.2105603130239,552.4305628458844,411.1621698053518,94.91425805657154
2026-09-29 03:00:00+00:00,3820.68799,14047.05124,7386.63343,19.00702,31.635375,294.64233,200.11655,71.451,0.0,835.2818500000001,11419.833,481.7020583781695,450.0716215733789,411.78387585396,363.6120326602662,292.7761746083882,238.95260952734276,207.1159267371084,188.13890253371548,193.61254157717292,212.27889592648452,234.2215994535363,283.50084684999143,332.2916122781489,354.10258239233474,335.4209113012148,305.63251224658063,299.7211812269694,297.01083238739864,300.3330832384698,310.56612458981766,323.09090053576864,325.23418861469224,325.0537108270777,330.5460768352573,334.1523254448508,3,1,9,0.7071067811865475,0.7071067811865476,0.7818314824680298,0.6234898018587336,-1.0,-1.8369701987210297e-16,0,481.7020583781695,482.0143280181146,460.2009352749043,568.3351228957714,413.1539934597306,95.91528421046453
2026-09-29 04:00:00+00:00,4010.05739,14376.6733125,8034.88213,19.00702,2168.743825,294.767335,207.8333,71.451,0.67525,827.97995,12387.11149,450.0716215733789,411.78387585396,363.6120326602662,292.7761746083882,238.95260952734276,207.1159267371084,188.13890253371548,193.61254157717292,212.27889592648452,234.2215994535363,283.50084684999143,332.2916122781489,354.10258239233474,335.4209113012148,305.63251224658063,299.7211812269694,297.01083238739864,300.3330832384698,310.56612458981766,323.09090053576864,325.23418861469224,325.0537108270777,330.5460768352573,334.1523254448508,333.982723956253,4,1,9,0.8660254037844386,0.5000000000000001,0.7818314824680298,0.6234898018587336,-1.0,-1.8369701987210297e-16,0,450.0716215733789,481.7020583781695,452.5096632178743,552.3844883566406,414.04987358903327,96.47261836801665
