timestamp,horizon,predicted_CI
2026-09-27 12:00:00+00:00,1h,147.99554
2026-09-27 13:00:00+00:00,2h,156.58124
2026-09-27 14:00:00+00:00,3h,188.48294
2026-09-27 15:00:00+00:00,4h,271.9056
2026-09-27 16:00:00+00:00,5h,345.3189
2026-09-27 17:00:00+00:00,6h,388.76855
2026-09-27 18:00:00+00:00,7h,407.7551
2026-09-27 19:00:00+00:00,8h,388.93628
2026-09-27 20:00:00+00:00,9h,413.13913
2026-09-27 21:00:00+00:00,10h,368.8885
2026-09-27 22:00:00+00:00,11h,380.47543
2026-09-27 23:00:00+00:00,12h,366.33023
2026-09-28 00:00:00+00:00,13h,381.02066
2026-09-28 01:00:00+00:00,14h,395.8365
2026-09-28 02:00:00+00:00,15h,395.90787
2026-09-28 03:00:00+00:00,16h,366.1951
2026-09-28 04:00:00+00:00,17h,340.321
2026-09-28 05:00:00+00:00,18h,347.79276
2026-09-28 06:00:00+00:00,19h,296.52756
2026-09-28 07:00:00+00:00,20h,268.03223
2026-09-28 08:00:00+00:00,21h,236.08107
2026-09-28 09:00:00+00:00,22h,222.45384
2026-09-28 10:00:00+00:00,23h,220.1767
2026-09-28 11:00:00+00:00,24h,212.19492
